Train_No,Journey_Duration_Minutes,Total_Distance,Number_of_Stops
107,105.0,78,4
108,115.0,83,4
128,1325.0,978,22
290,9120.0,2694,14
401,2190.0,1618,12
421,1980.0,1276,5
422,1605.0,1277,5
477,3070.0,2616,14
502,1380.0,1206,9
504,1500.0,1313,3
506,1530.0,1161,3
557,690.0,1301,2
604,1650.0,1429,3
1011,840.0,841,18
1037,560.0,513,10
1038,615.0,503,10
1045,590.0,563,11
1119,1480.0,1329,24
1120,1470.0,1319,24
1122,720.0,569,14
1196,1540.0,1332,26
1301,1060.0,976,17
1302,1285.0,973,17
1442,2340.0,1581,13
1655,1170.0,1050,13
1656,1115.0,1050,13
1705,1285.0,1261,14
1706,1255.0,1262,14
1707,1590.0,1360,17
1708,1595.0,1362,17
2025,500.0,579,7
2026,510.0,569,7
2191,1190.0,1123,16
2192,1150.0,1123,16
2195,580.0,551,10
2196,600.0,549,10
2515,4615.0,3939,58
2651,85.0,62,3
2652,85.0,62,3
2731,2280.0,1854,29
2732,2125.0,1853,29
2821,1905.0,2066,14
2822,1935.0,2073,14
2833,2535.0,2332,29
2834,2440.0,2351,29
2841,1600.0,1656,12
2842,1750.0,1656,12
2845,1895.0,1770,17
2846,1785.0,1791,17
3101,715.0,523,9
3102,700.0,522,9
3301,85.0,58,13
3302,85.0,58,13
3305,20.0,3,2
3306,20.0,3,2
3307,35.0,4,4
3308,30.0,4,4
3501,1180.0,1193,5
3502,1300.0,1193,5
4401,880.0,710,13
4402,855.0,710,13
4409,860.0,653,7
4410,825.0,653,7
4419,1815.0,1916,13
4420,1685.0,1924,13
4735,880.0,691,17
4736,815.0,691,17
4767,100.0,67,10
4768,110.0,67,10
4769,105.0,67,10
4770,95.0,67,10
4771,370.0,232,24
4772,375.0,232,24
4773,185.0,125,16
4774,155.0,125,10
4801,60.0,21,3
4802,60.0,21,3
4831,1275.0,882,22
4832,1140.0,881,22
4851,280.0,197,21
4852,305.0,197,21
4853,75.0,42,6
4854,60.0,42,6
4921,105.0,81,13
4922,115.0,81,13
4991,150.0,99,14
4992,140.0,99,14
5061,185.0,112,5
5062,165.0,112,5
5065,765.0,503,15
5066,720.0,505,15
5105,110.0,64,4
5106,90.0,64,4
5305,210.0,136,11
5306,175.0,136,11
5309,110.0,81,6
5310,115.0,81,6
5521,225.0,81,12
5522,170.0,81,12
5613,125.0,85,11
5614,135.0,85,9
5619,250.0,153,20
5620,245.0,153,20
5631,745.0,380,10
5632,745.0,379,10
5715,130.0,87,2
5716,150.0,87,2
5719,240.0,204,11
5720,300.0,205,11
5863,185.0,89,15
5864,165.0,88,15
5865,725.0,426,53
5866,705.0,425,53
6001,760.0,649,14
6002,750.0,649,15
6006,905.0,699,14
6009,1805.0,1844,27
6010,1995.0,1843,27
6041,1000.0,849,19
6042,975.0,851,20
6043,960.0,849,18
6044,965.0,852,19
6046,1080.0,852,19
6047,970.0,849,19
6048,1020.0,852,20
6049,905.0,855,19
6050,990.0,857,20
6053,635.0,626,14
6054,800.0,627,14
6057,1780.0,1656,19
6058,1665.0,1655,19
6065,805.0,500,13
6066,635.0,501,13
6067,595.0,522,9
6068,715.0,522,9
6081,70.0,45,4
6082,70.0,45,4
6412,3190.0,2462,21
6512,140.0,77,14
6513,35.0,17,6
6541,1055.0,881,14
6542,1005.0,878,14
6547,705.0,632,14
6548,825.0,634,13
6579,1200.0,1089,21
6580,1160.0,1086,21
6581,796.0,607,85
6582,796.0,604,85
6591,90.0,62,9
6592,95.0,61,9
6593,25.0,10,4
6594,25.0,10,4
6595,50.0,33,7
6596,70.0,33,7
6647,130.0,89,8
6648,150.0,89,8
6769,160.0,116,11
6770,185.0,116,11
6851,20.0,10,3
6852,25.0,10,3
6853,23.0,10,3
6854,25.0,10,3
6919,416.0,247,36
6920,411.0,248,36
7005,2640.0,2276,34
7006,2745.0,2297,34
7007,2385.0,2023,27
7008,2470.0,2033,28
7016,785.0,670,18
7044,905.0,735,11
7061,270.0,217,8
7062,750.0,437,14
7075,610.0,554,17
7076,710.0,553,17
7109,1875.0,1589,40
7110,1935.0,1593,40
7113,1870.0,1543,37
7133,1900.0,1508,39
7134,1935.0,1511,39
7141,1855.0,1560,39
7142,1815.0,1563,39
7146,810.0,763,16
7149,2955.0,2563,37
7211,1840.0,1433,36
7212,1680.0,1436,36
7213,1590.0,1221,29
7214,1445.0,1226,30
7217,1840.0,1360,37
7218,1695.0,1363,37
7410,1455.0,1147,29
7417,1705.0,1330,33
7418,1800.0,1331,33
7425,675.0,537,15
7426,680.0,537,15
7429,750.0,742,11
7430,825.0,744,11
7431,660.0,597,13
7432,660.0,597,14
7435,720.0,555,14
7436,725.0,554,15
7438,1845.0,1533,28
7439,1810.0,1533,28
7487,735.0,735,11
7505,2445.0,1973,49
7509,2300.0,1886,47
7517,555.0,350,9
7525,555.0,322,33
7526,600.0,322,33
7603,720.0,624,14
7604,930.0,624,14
7607,1155.0,1014,19
7608,1185.0,1016,19
7613,2100.0,1636,38
7614,2100.0,1641,39
7644,695.0,597,11
7645,555.0,587,10
7757,315.0,314,6
7758,320.0,314,6
7941,660.0,587,12
7942,630.0,597,13
8001,35.0,39,2
8002,45.0,39,2
8014,40.0,12,4
8017,50.0,39,6
8018,55.0,39,6
8035,175.0,120,19
8036,180.0,120,19
8051,29.0,39,3
8052,45.0,39,5
8061,2055.0,1847,24
8062,2075.0,1838,24
8063,180.0,115,17
8064,1930.0,2039,16
8065,160.0,115,17
8082,30.0,30,6
8087,28.0,30,6
8101,80.0,40,5
8102,55.0,40,5
8301,1870.0,1567,15
8302,1805.0,1567,15
8403,560.0,495,9
8404,530.0,497,9
8501,780.0,700,13
8502,740.0,698,13
8511,720.0,471,12
8512,705.0,471,12
8567,1725.0,1571,29
8568,1845.0,1578,29
8573,870.0,760,15
8574,920.0,759,15
8581,20.0,11,2
8582,15.0,11,2
8617,1430.0,1365,15
8618,1420.0,1356,15
8627,560.0,484,13
8628,570.0,481,14
8872,165.0,133,17
9003,835.0,1355,5
9004,835.0,1358,5
9005,955.0,1373,4
9006,965.0,1376,4
9011,1330.0,1209,20
9012,1315.0,1211,20
9433,805.0,780,14
9434,820.0,780,14
9621,1335.0,1281,12
9622,1270.0,1281,12
9721,435.0,429,12
9722,420.0,429,12
9761,165.0,125,13
9809,430.0,447,11
9810,480.0,450,11
10103,695.0,590,20
10104,745.0,594,20
10111,700.0,590,20
10112,710.0,594,20
10215,805.0,726,13
10216,805.0,727,13
11001,435.0,348,12
11002,445.0,348,12
11003,635.0,502,21
11004,715.0,504,21
11005,2025.0,1636,39
11006,1970.0,1639,38
11007,245.0,191,12
11008,242.0,191,11
11009,250.0,191,12
11010,230.0,191,11
11011,1000.0,723,16
11012,1035.0,723,16
11013,1960.0,1515,34
11014,1775.0,1515,34
11015,1940.0,1678,47
11016,2000.0,1677,46
11017,1830.0,1631,30
11018,2025.0,1634,30
11019,2225.0,1941,39
11020,2190.0,1941,40
11021,2295.0,1843,40
11022,2320.0,1845,39
11023,735.0,517,28
11024,780.0,517,31
11025,700.0,545,19
11026,605.0,545,19
11027,1665.0,1281,52
11028,1670.0,1283,52
11029,705.0,517,35
11030,730.0,517,34
11031,130.0,108,5
11032,170.0,108,5
11033,2310.0,1955,30
11034,2360.0,1953,30
11035,1450.0,1210,27
11036,1405.0,1213,26
11037,1970.0,1777,17
11038,2195.0,1777,17
11039,1725.0,1352,62
11040,1705.0,1353,60
11041,1590.0,1281,36
11042,1515.0,1283,34
11043,2035.0,1696,27
11044,2145.0,1700,26
11045,3615.0,2894,39
11046,3705.0,2892,39
11047,375.0,278,12
11048,345.0,279,12
11049,1200.0,949,18
11050,1135.0,949,18
11051,405.0,314,9
11052,455.0,314,9
11053,2010.0,1552,17
11054,1855.0,1551,17
11055,2005.0,1732,23
11056,2035.0,1732,23
11057,2460.0,2026,90
11058,2615.0,2029,91
11059,2050.0,1772,24
11060,2100.0,1770,24
11061,2215.0,1885,41
11062,2315.0,1883,39
11063,380.0,352,14
11064,385.0,352,14
11067,1652.0,1510,20
11068,1795.0,1509,20
11071,1845.0,1645,43
11072,1860.0,1647,41
11073,1415.0,1265,18
11074,1485.0,1267,17
11075,805.0,651,13
11076,935.0,651,13
11077,2445.0,2155,67
11078,2485.0,2157,65
11079,2020.0,1745,25
11080,2070.0,1745,24
11081,2055.0,1731,20
11082,2035.0,1731,19
11083,1650.0,1153,29
11084,1770.0,1153,28
11085,717.0,574,11
11086,670.0,578,11
11087,1215.0,1053,26
11088,1255.0,1053,25
11089,1390.0,1074,26
11090,1280.0,1072,26
11091,1185.0,981,24
11092,1170.0,981,24
11093,1710.0,1516,27
11094,1615.0,1515,26
11095,745.0,623,17
11096,715.0,622,16
11097,1960.0,1278,33
11098,1775.0,1279,32
11101,1605.0,1373,23
11102,1745.0,1373,23
11103,1435.0,1321,21
11104,1530.0,1321,21
11107,850.0,629,31
11108,920.0,629,37
11109,355.0,291,11
11110,355.0,291,11
11111,1195.0,939,12
11112,1095.0,941,12
11123,1570.0,1051,49
11124,1510.0,1054,49
11125,702.0,561,11
11126,745.0,561,11
11201,1295.0,1015,26
11202,1290.0,1015,26
11203,1570.0,1340,28
11204,1605.0,1340,28
11205,995.0,699,20
11206,870.0,699,20
11265,540.0,432,14
11266,520.0,434,14
11272,1075.0,737,47
11301,1480.0,1154,35
11302,1410.0,1154,34
11303,1410.0,989,38
11304,1390.0,987,38
11307,275.0,221,7
11308,300.0,223,7
11309,365.0,267,14
11310,330.0,267,14
11401,1420.0,1053,34
11402,1415.0,1052,34
11403,1380.0,1026,22
11404,1425.0,1026,22
11405,1020.0,811,18
11406,1125.0,812,18
11407,1710.0,1478,17
11408,1715.0,1478,17
11423,485.0,357,14
11424,495.0,356,14
11447,1705.0,1156,45
11448,1515.0,1155,46
11449,1970.0,1561,34
11450,2010.0,1564,31
11463,1780.0,1416,50
11464,1785.0,1417,50
11465,1950.0,1572,49
11466,1905.0,1575,50
11651,415.0,344,14
11652,420.0,345,14
11701,890.0,751,16
11702,925.0,751,16
11703,1015.0,823,20
11704,965.0,821,20
11801,305.0,215,6
11802,295.0,215,6
11901,430.0,292,13
11902,400.0,294,13
12001,510.0,688,10
12002,505.0,690,10
12003,400.0,504,7
12004,390.0,504,7
12005,245.0,268,5
12006,245.0,268,5
12007,420.0,498,4
12008,430.0,499,4
12009,380.0,490,9
12010,400.0,490,9
12011,245.0,268,6
12012,250.0,268,6
12013,360.0,447,8
12014,360.0,447,8
12015,400.0,442,10
12016,415.0,442,10
12017,355.0,314,8
12018,345.0,314,8
12019,430.0,436,10
12020,465.0,434,10
12021,405.0,402,10
12022,425.0,401,11
12023,520.0,530,14
12024,470.0,531,14
12025,510.0,598,8
12026,505.0,598,8
12027,300.0,360,4
12028,300.0,361,4
12029,385.0,447,8
12030,375.0,447,8
12031,385.0,447,8
12032,375.0,447,8
12033,320.0,430,5
12034,295.0,430,4
12035,210.0,240,4
12036,220.0,240,4
12037,325.0,328,7
12038,330.0,328,7
12039,330.0,283,8
12040,340.0,283,8
12041,495.0,560,7
12042,485.0,560,7
12043,425.0,397,8
12044,430.0,397,8
12045,210.0,243,4
12046,205.0,243,4
12047,390.0,385,10
12048,440.0,385,10
12049,100.0,181,2
12050,100.0,183,2
12051,520.0,581,9
12052,515.0,585,9
12053,440.0,406,11
12054,440.0,406,11
12055,350.0,304,9
12056,370.0,304,10
12057,455.0,386,14
12058,420.0,386,14
12059,395.0,447,10
12060,405.0,450,10
12061,315.0,330,10
12062,330.0,330,10
12065,410.0,389,10
12066,415.0,389,10
12067,410.0,376,11
12068,410.0,375,11
12069,420.0,419,15
12070,420.0,411,15
12071,450.0,422,7
12072,465.0,422,7
12073,415.0,442,9
12074,400.0,441,9
12075,445.0,399,12
12076,420.0,398,12
12077,430.0,453,10
12078,435.0,453,10
12079,445.0,470,11
12080,445.0,468,11
12081,550.0,500,15
12082,550.0,499,15
12083,385.0,361,10
12084,390.0,361,10
12085,545.0,506,10
12086,535.0,505,10
12087,360.0,332,8
12088,380.0,332,8
12101,1860.0,1956,16
12102,1860.0,1963,17
12103,1495.0,1478,13
12104,1535.0,1478,13
12105,970.0,971,26
12106,970.0,972,27
12107,1365.0,1408,11
12108,1455.0,1408,11
12109,275.0,260,10
12110,283.0,260,10
12111,730.0,676,14
12112,680.0,676,14
12113,945.0,895,9
12114,910.0,895,9
12115,485.0,456,14
12116,485.0,457,15
12117,265.0,244,10
12118,265.0,244,10
12119,165.0,180,5
12120,190.0,180,5
12121,835.0,883,7
12122,860.0,886,7
12123,195.0,191,5
12124,190.0,191,4
12125,205.0,190,8
12126,205.0,190,7
12127,197.0,191,6
12128,190.0,191,5
12129,2025.0,2026,30
12130,1980.0,2033,30
12131,360.0,330,8
12132,365.0,330,8
12133,878.0,903,14
12134,870.0,909,14
12135,945.0,895,18
12136,910.0,895,18
12137,2055.0,1910,56
12138,2035.0,1913,54
12139,910.0,841,33
12140,900.0,841,33
12141,1705.0,1693,14
12142,1690.0,1692,13
12143,1640.0,1540,14
12144,1695.0,1541,14
12145,2095.0,1888,27
12146,2045.0,1895,27
12147,1925.0,1897,22
12148,2070.0,1900,22
12149,1835.0,1757,19
12150,1835.0,1756,19
12151,2150.0,2089,24
12152,2055.0,2095,23
12153,775.0,820,10
12154,790.0,820,10
12155,655.0,681,10
12156,610.0,683,10
12157,240.0,265,4
12158,240.0,265,4
12159,790.0,725,20
12160,780.0,725,20
12161,1235.0,1320,21
12162,1405.0,1320,21
12163,1395.0,1278,24
12164,1390.0,1281,22
12165,1542.0,1488,16
12166,1510.0,1487,16
12167,1630.0,1500,13
12168,1560.0,1500,13
12169,240.0,265,5
12170,245.0,265,5
12171,1760.0,1756,12
12172,1740.0,1759,12
12173,1600.0,1581,13
12174,1690.0,1581,13
12175,1410.0,1291,31
12176,1410.0,1292,31
12177,1595.0,1451,34
12178,1580.0,1453,34
12179,360.0,323,14
12180,355.0,323,14
12181,1075.0,1024,22
12182,1035.0,1024,22
12183,820.0,754,11
12184,820.0,754,11
12185,600.0,555,15
12186,600.0,557,15
12187,1005.0,996,15
12188,990.0,996,15
12189,1050.0,937,29
12190,1050.0,938,28
12191,1030.0,1021,24
12192,1100.0,1019,24
12193,1825.0,1747,20
12194,1845.0,1734,20
12195,405.0,375,14
12196,400.0,375,14
12197,525.0,484,11
12198,520.0,484,11
12201,1650.0,1513,25
12202,1620.0,1517,25
12203,1810.0,1711,23
12204,1800.0,1714,23
12205,350.0,304,7
12206,345.0,304,7
12207,915.0,768,16
12208,925.0,768,16
12209,515.0,415,12
12210,565.0,415,12
12211,1280.0,1057,14
12212,1270.0,1059,14
12213,1880.0,2350,7
12214,1975.0,2351,6
12215,1370.0,1431,18
12216,1410.0,1429,18
12217,3265.0,3086,22
12218,3195.0,3084,22
12219,720.0,774,4
12220,720.0,774,4
12221,1705.0,2026,8
12222,1645.0,2033,8
12223,1260.0,1301,6
12224,1245.0,1306,6
12225,880.0,795,15
12226,855.0,796,15
12227,710.0,831,5
12228,760.0,831,5
12229,535.0,492,9
12230,520.0,492,9
12231,700.0,644,16
12232,700.0,644,16
12235,2620.0,2446,26
12236,2690.0,2448,26
12237,1355.0,1253,13
12238,1360.0,1253,13
12239,920.0,1157,5
12240,990.0,1158,5
12241,255.0,247,6
12242,240.0,247,6
12243,420.0,491,6
12244,410.0,493,6
12245,1745.0,1957,6
12246,1755.0,1959,6
12247,1025.0,1355,7
12248,1065.0,1358,7
12249,1000.0,1425,7
12250,1010.0,1426,7
12251,1730.0,1611,25
12252,1770.0,1605,26
12253,2580.0,2478,29
12254,2615.0,2477,29
12257,960.0,798,19
12258,990.0,797,19
12259,1020.0,1448,5
12260,1015.0,1449,5
12261,1585.0,1972,7
12262,1570.0,1979,7
12263,1185.0,1498,7
12264,1215.0,1501,7
12265,550.0,577,3
12266,540.0,577,3
12267,390.0,490,2
12268,380.0,490,2
12269,1675.0,2156,7
12270,1705.0,2155,7
12273,1310.0,1516,6
12274,1305.0,1517,6
12275,465.0,629,2
12276,455.0,629,2
12277,450.0,504,8
12278,475.0,503,8
12279,405.0,385,11
12280,430.0,388,11
12281,1345.0,1714,6
12282,1310.0,1717,6
12283,2650.0,2636,11
12284,2525.0,2634,11
12285,1285.0,1651,6
12286,1335.0,1652,6
12289,665.0,841,4
12290,685.0,841,4
12291,390.0,364,7
12292,390.0,363,7
12293,1150.0,1353,5
12294,1165.0,1352,5
12295,2885.0,2703,36
12296,2890.0,2697,37
12297,520.0,623,4
12298,525.0,622,4
12301,1025.0,1438,8
12302,1015.0,1439,8
12303,1320.0,1516,25
12304,1400.0,1517,25
12305,1195.0,1516,9
12306,1160.0,1517,9
12307,1870.0,1803,28
12308,1890.0,1805,28
12309,760.0,987,6
12310,735.0,987,6
12311,1970.0,1699,39
12312,1920.0,1700,40
12313,1055.0,1448,8
12314,1065.0,1449,8
12315,2255.0,2119,23
12316,2330.0,2120,23
12317,2020.0,1884,23
12318,2000.0,1885,23
12319,1370.0,1416,12
12320,1460.0,1417,11
12321,2245.0,2165,48
12322,2295.0,2167,49
12323,1335.0,1425,9
12324,1375.0,1426,9
12325,1940.0,1792,18
12326,1940.0,1793,18
12327,1750.0,1577,20
12328,1745.0,1577,20
12329,1360.0,1435,8
12330,1335.0,1436,8
12331,2200.0,2010,32
12332,2205.0,2011,32
12333,960.0,878,31
12334,950.0,879,31
12335,2100.0,1917,39
12336,2065.0,1918,38
12337,135.0,146,4
12338,150.0,146,4
12339,260.0,258,13
12340,270.0,259,13
12341,195.0,199,7
12342,195.0,200,7
12343,595.0,571,6
12344,600.0,571,6
12345,1080.0,1023,13
12346,1000.0,1023,13
12347,220.0,206,9
12348,220.0,206,9
12349,1170.0,1206,13
12350,1215.0,1206,13
12351,580.0,528,23
12352,565.0,529,23
12353,1385.0,1299,18
12354,1415.0,1300,18
12355,1650.0,1506,19
12356,1615.0,1506,19
12357,1750.0,1807,15
12358,1780.0,1807,15
12359,565.0,534,13
12360,550.0,534,13
12361,2070.0,2043,21
12362,2170.0,2044,21
12363,675.0,621,11
12364,670.0,620,11
12365,475.0,410,12
12366,470.0,407,12
12367,1245.0,1193,21
12368,1305.0,1193,21
12369,1660.0,1525,20
12370,1645.0,1526,20
12371,2370.0,2245,29
12372,2360.0,2246,29
12373,220.0,217,7
12374,220.0,216,7
12375,1875.0,1729,27
12376,1845.0,1727,27
12377,775.0,718,10
12378,780.0,718,10
12379,1835.0,1889,15
12380,1830.0,1890,15
12381,1310.0,1438,22
12382,1400.0,1439,22
12383,235.0,221,9
12384,235.0,222,9
12389,2340.0,2348,17
12390,2320.0,2353,17
12391,1270.0,1092,33
12392,1260.0,1092,33
12393,855.0,987,5
12394,850.0,987,5
12395,1225.0,1287,15
12396,1390.0,1287,15
12397,855.0,981,15
12398,905.0,981,15
12401,1180.0,1049,28
12402,1125.0,1049,28
12405,1550.0,1461,29
12406,1470.0,1464,29
12407,2000.0,1821,19
12408,1985.0,1824,19
12409,1680.0,1613,35
12410,1665.0,1608,35
12411,270.0,247,9
12412,265.0,247,9
12413,1095.0,1016,21
12414,1090.0,1017,22
12415,855.0,815,23
12416,870.0,817,22
12417,570.0,624,6
12418,570.0,624,7
12419,545.0,504,16
12420,540.0,504,16
12421,2105.0,1927,23
12422,1995.0,1929,23
12423,2340.0,2422,22
12424,2390.0,2423,22
12425,545.0,576,5
12426,560.0,576,5
12427,875.0,844,12
12428,825.0,844,13
12431,2485.0,2841,19
12432,2520.0,2840,19
12433,1695.0,2156,10
12434,1700.0,2155,10
12435,2625.0,2452,26
12436,2760.0,2454,26
12437,1300.0,1651,7
12438,1325.0,1652,7
12439,1015.0,1297,8
12440,1020.0,1300,8
12441,1255.0,1487,10
12442,1215.0,1483,10
12443,1640.0,1572,14
12444,1520.0,1572,14
12445,710.0,654,11
12446,705.0,654,11
12447,740.0,676,12
12448,745.0,679,12
12449,2185.0,2159,14
12450,2200.0,2157,14
12451,410.0,430,3
12452,395.0,430,3
12453,1060.0,1333,7
12454,1110.0,1336,7
12455,870.0,790,21
12456,875.0,790,21
12457,465.0,455,14
12458,460.0,455,14
12459,485.0,447,15
12460,480.0,447,17
12461,645.0,618,18
12462,655.0,619,16
12463,610.0,614,8
12464,640.0,615,8
12465,975.0,905,29
12466,995.0,906,29
12467,760.0,700,22
12468,755.0,699,22
12469,1110.0,1025,14
12470,1120.0,1025,14
12471,1995.0,2017,26
12472,1975.0,2019,26
12473,1780.0,1736,24
12474,1745.0,1739,25
12475,2140.0,2055,31
12476,2140.0,2058,31
12477,2155.0,2064,31
12478,2150.0,2066,31
12479,1010.0,934,17
12480,1020.0,932,17
12481,450.0,409,15
12482,460.0,409,15
12483,3505.0,3290,27
12484,3440.0,3288,27
12485,2130.0,1937,27
12486,1980.0,1940,27
12487,1500.0,1364,19
12488,1495.0,1364,19
12489,1340.0,1244,22
12490,1355.0,1244,22
12491,1850.0,1609,22
12492,1800.0,1612,22
12493,1460.0,1498,10
12494,1430.0,1501,10
12495,1915.0,1878,20
12496,1860.0,1876,20
12497,460.0,447,14
12498,460.0,447,15
12501,1845.0,1914,10
12502,1980.0,1914,10
12503,3075.0,3032,23
12504,2945.0,3032,23
12505,2015.0,1850,30
12506,2045.0,1850,29
12507,4445.0,3932,58
12508,4485.0,3930,56
12509,3260.0,2992,42
12510,3200.0,2993,41
12511,3520.0,3239,61
12512,3425.0,3245,60
12513,2790.0,2564,31
12514,2740.0,2567,30
12515,4595.0,3932,57
12516,4485.0,3930,56
12517,1095.0,1027,14
12518,1080.0,1027,14
12519,2675.0,2568,28
12520,2670.0,2567,28
12521,3720.0,3427,63
12522,3635.0,3435,62
12523,1675.0,1496,18
12524,1650.0,1499,18
12525,1725.0,1584,23
12526,1720.0,1583,23
12527,475.0,395,11
12529,645.0,518,10
12530,590.0,522,10
12531,300.0,277,12
12532,300.0,278,12
12533,1445.0,1424,16
12534,1455.0,1423,15
12535,1025.0,903,13
12536,1005.0,905,12
12537,590.0,543,15
12538,615.0,543,15
12539,2760.0,2548,18
12540,2680.0,2541,18
12541,1810.0,1685,16
12542,1790.0,1686,16
12545,2235.0,2045,21
12546,2245.0,2045,21
12547,925.0,866,12
12548,925.0,864,12
12549,1990.0,1847,18
12550,2000.0,1858,18
12551,3210.0,3024,29
12552,3145.0,3024,29
12553,1275.0,1167,21
12554,1285.0,1170,21
12555,1045.0,952,15
12556,1045.0,953,15
12557,1155.0,1057,16
12558,1175.0,1059,16
12559,750.0,745,4
12560,725.0,745,4
12561,1350.0,1223,22
12562,1355.0,1224,21
12565,1255.0,1153,11
12566,1260.0,1156,11
12567,240.0,219,9
12568,240.0,219,9
12569,1220.0,1238,23
12570,1240.0,1238,23
12572,800.0,829,9
12577,3330.0,3045,41
12578,3305.0,3051,40
12581,830.0,745,6
12582,755.0,745,6
12587,1335.0,1246,18
12588,1305.0,1247,18
12589,1955.0,1833,31
12590,1920.0,1836,31
12591,2745.0,2513,40
12592,2745.0,2504,40
12593,650.0,581,6
12594,660.0,581,6
12595,770.0,760,6
12596,710.0,761,6
12597,1665.0,1693,13
12598,1695.0,1694,13
12601,965.0,883,31
12602,975.0,885,33
12603,780.0,715,22
12604,785.0,716,21
12605,435.0,425,13
12606,425.0,425,13
12607,360.0,360,12
12608,345.0,361,13
12609,390.0,360,19
12610,390.0,361,19
12611,1695.0,2156,11
12612,1700.0,2155,11
12613,150.0,138,4
12614,150.0,138,4
12615,2155.0,2169,41
12616,2190.0,2168,40
12617,2880.0,2751,48
12618,2940.0,2748,48
12619,970.0,893,24
12620,960.0,899,22
12621,1985.0,2163,12
12622,1960.0,2163,11
12623,960.0,913,21
12624,1000.0,916,22
12625,3030.0,3013,43
12626,3080.0,3010,42
12627,2350.0,2386,36
12628,2425.0,2389,35
12629,2835.0,2595,14
12630,2735.0,2595,14
12631,660.0,649,15
12632,670.0,649,16
12633,780.0,738,17
12634,785.0,737,18
12635,460.0,492,10
12636,455.0,492,11
12637,495.0,492,11
12638,500.0,492,12
12639,370.0,360,12
12640,365.0,361,13
12641,2805.0,2899,25
12642,2975.0,2898,26
12643,3055.0,2991,32
12644,3195.0,2988,31
12645,2770.0,2786,29
12646,2885.0,2782,28
12647,2830.0,2650,28
12648,2920.0,2651,28
12649,2115.0,2257,9
12650,2230.0,2258,9
12651,2490.0,2653,15
12652,2655.0,2652,15
12653,345.0,336,14
12654,360.0,335,15
12655,1950.0,1893,41
12656,1970.0,1895,42
12657,355.0,360,8
12658,355.0,361,8
12659,2825.0,2579,44
12660,2805.0,2579,44
12661,705.0,665,18
12662,700.0,665,18
12663,2120.0,2005,24
12664,2090.0,2004,24
12665,2535.0,2407,32
12666,2600.0,2406,32
12667,795.0,722,11
12668,745.0,722,11
12669,2525.0,2348,25
12670,2485.0,2343,24
12671,550.0,526,9
12672,560.0,529,9
12673,485.0,491,8
12674,485.0,493,9
12675,455.0,491,11
12676,455.0,493,12
12677,640.0,581,14
12678,640.0,582,14
12679,465.0,491,12
12680,455.0,493,12
12681,490.0,491,7
12682,470.0,493,8
12683,675.0,617,14
12684,670.0,616,14
12685,965.0,883,18
12686,940.0,885,18
12687,3190.0,3067,30
12688,3240.0,3064,31
12689,1005.0,918,19
12690,1005.0,920,20
12691,610.0,528,11
12692,650.0,528,14
12693,665.0,652,22
12694,700.0,651,22
12695,970.0,914,21
12696,1005.0,916,21
12697,920.0,901,14
12698,965.0,903,14
12701,860.0,791,16
12702,850.0,793,17
12703,1540.0,1549,26
12704,1550.0,1548,27
12705,410.0,391,14
12706,405.0,390,14
12707,2180.0,2292,20
12708,2305.0,2294,20
12709,650.0,651,17
12710,620.0,650,17
12711,420.0,430,14
12712,425.0,429,14
12713,330.0,358,9
12714,355.0,358,9
12715,2090.0,2056,37
12716,2065.0,2059,36
12717,380.0,350,13
12718,365.0,350,13
12719,1850.0,1718,21
12720,1835.0,1720,21
12721,1775.0,1662,46
12722,1800.0,1662,46
12723,1600.0,1669,18
12724,1570.0,1669,16
12725,530.0,491,17
12726,530.0,488,17
12727,770.0,718,21
12728,755.0,719,21
12729,720.0,658,13
12730,720.0,658,13
12731,865.0,790,16
12732,870.0,790,16
12733,720.0,661,23
12734,720.0,661,23
12735,710.0,686,11
12736,735.0,686,11
12737,615.0,575,21
12738,615.0,575,21
12739,700.0,708,12
12740,670.0,708,12
12741,2465.0,2243,21
12742,2575.0,2238,20
12747,385.0,353,15
12748,375.0,353,15
12749,475.0,441,19
12750,475.0,438,19
12757,320.0,305,14
12758,320.0,305,14
12759,830.0,797,17
12760,825.0,798,17
12761,735.0,712,12
12762,775.0,710,12
12763,770.0,744,19
12764,750.0,743,19
12765,1420.0,1305,24
12766,1430.0,1305,24
12767,1680.0,1572,19
12768,1685.0,1578,19
12769,775.0,711,17
12770,775.0,711,17
12771,615.0,587,14
12772,625.0,586,14
12773,1585.0,1590,16
12774,1645.0,1589,16
12775,645.0,598,11
12776,640.0,598,11
12777,1425.0,1295,22
12778,1430.0,1297,22
12779,2350.0,2148,29
12780,2370.0,2151,29
12781,2700.0,2602,32
12782,2825.0,2602,32
12783,765.0,710,15
12784,775.0,708,15
12785,680.0,623,17
12786,680.0,623,16
12791,1975.0,1843,29
12792,1995.0,1840,28
12795,320.0,314,4
12796,315.0,314,4
12797,770.0,707,22
12798,770.0,707,24
12801,1840.0,1860,32
12802,1855.0,1860,31
12803,1970.0,2076,21
12804,2140.0,2076,21
12805,750.0,688,21
12806,750.0,689,21
12807,2060.0,1900,41
12808,2015.0,1895,40
12809,1995.0,1972,44
12810,1985.0,1979,42
12811,1650.0,1701,18
12812,1675.0,1709,18
12813,240.0,254,8
12814,245.0,253,9
12815,1810.0,1794,29
12816,1780.0,1788,29
12817,1395.0,1291,19
12818,1260.0,1294,19
12819,1740.0,1774,13
12820,1755.0,1774,13
12821,500.0,504,15
12822,510.0,503,16
12823,1265.0,1255,12
12824,1305.0,1266,12
12825,1270.0,1297,9
12826,1320.0,1300,9
12827,330.0,323,14
12828,350.0,323,15
12829,1210.0,1222,21
12830,1255.0,1222,21
12831,860.0,725,12
12832,795.0,722,12
12833,2235.0,2097,63
12834,2250.0,2098,64
12835,2075.0,1891,24
12836,2075.0,1891,25
12837,505.0,504,14
12838,510.0,503,14
12839,1685.0,1664,35
12840,1695.0,1663,36
12841,1570.0,1664,15
12842,1625.0,1663,17
12843,2275.0,2148,43
12844,2295.0,2141,43
12845,1640.0,1510,21
12846,1605.0,1510,21
12847,190.0,185,5
12848,190.0,186,5
12849,1330.0,1312,18
12850,1390.0,1305,18
12851,1440.0,1412,17
12852,1385.0,1409,17
12853,970.0,889,31
12854,975.0,897,31
12855,425.0,416,16
12856,430.0,405,17
12857,202.0,185,8
12858,205.0,186,8
12859,1830.0,1972,27
12860,1890.0,1979,26
12861,605.0,578,18
12862,650.0,576,19
12863,2080.0,1959,35
12864,2090.0,1959,36
12865,340.0,344,9
12866,350.0,343,9
12867,2000.0,1922,17
12868,2050.0,1922,16
12869,1945.0,1972,20
12870,1960.0,1979,19
12871,800.0,745,31
12872,815.0,746,31
12873,1455.0,1322,21
12874,1450.0,1325,21
12875,2090.0,1911,42
12876,2065.0,1912,41
12877,1090.0,1333,15
12878,1160.0,1336,15
12879,1860.0,1790,20
12880,1825.0,1798,20
12881,525.0,504,9
12882,530.0,503,9
12883,325.0,322,12
12884,340.0,330,13
12885,315.0,318,13
12886,340.0,317,13
12887,525.0,504,10
12888,530.0,503,11
12889,2065.0,1890,26
12890,2070.0,1893,24
12891,340.0,311,16
12892,340.0,311,16
12893,415.0,395,16
12894,430.0,395,16
12895,525.0,504,10
12896,530.0,503,11
12897,1445.0,1423,19
12898,1515.0,1423,19
12901,510.0,490,14
12902,505.0,490,14
12903,1925.0,1885,34
12904,1900.0,1888,35
12905,2625.0,2559,30
12906,2615.0,2566,30
12907,1270.0,1355,5
12908,1140.0,1358,5
12909,1025.0,1355,9
12910,995.0,1358,9
12911,1500.0,1427,16
12912,1415.0,1430,16
12913,710.0,650,14
12914,710.0,650,14
12915,940.0,930,20
12916,980.0,933,20
12917,1055.0,1075,10
12918,975.0,1077,10
12919,1800.0,1598,52
12920,1795.0,1601,51
12921,280.0,262,14
12922,285.0,262,14
12923,660.0,606,12
12924,640.0,606,12
12925,1880.0,1810,42
12926,1835.0,1813,41
12927,375.0,391,7
12928,375.0,391,7
12929,370.0,344,19
12930,375.0,344,19
12931,440.0,490,11
12932,420.0,490,11
12933,465.0,490,11
12934,460.0,490,10
12935,260.0,251,10
12936,260.0,251,10
12937,2605.0,2509,17
12938,2490.0,2508,17
12939,1325.0,1289,13
12940,1370.0,1290,12
12941,2450.0,2308,32
12942,2360.0,2308,32
12943,1375.0,1301,12
12944,1415.0,1301,12
12946,680.0,632,14
12947,1850.0,1754,19
12948,1785.0,1754,19
12949,2875.0,2664,37
12950,2825.0,2670,37
12951,935.0,1373,8
12952,950.0,1376,8
12953,1035.0,1366,13
12954,1015.0,1369,13
12955,1070.0,1157,19
12956,1060.0,1158,19
12957,830.0,931,10
12958,825.0,934,10
12959,1065.0,972,20
12960,1050.0,972,20
12961,845.0,831,19
12962,830.0,831,19
12963,735.0,735,18
12964,740.0,733,18
12967,2195.0,2179,32
12968,2290.0,2174,32
12969,2695.0,2673,39
12970,2785.0,2667,39
12971,780.0,778,20
12972,845.0,778,20
12973,595.0,593,8
12974,605.0,593,8
12975,2635.0,2483,42
12976,2650.0,2483,43
12977,943.0,778,17
12978,360.0,2560,7
12979,1135.0,1146,17
12980,1075.0,1147,17
12981,730.0,672,21
12982,710.0,672,21
12983,770.0,715,15
12984,770.0,715,15
12985,270.0,302,6
12986,270.0,302,6
12987,1670.0,1637,22
12988,1630.0,1638,22
12989,1060.0,974,23
12990,1040.0,976,23
12991,450.0,434,15
12992,450.0,434,15
12993,2485.0,2288,27
12994,2475.0,2295,27
12995,1025.0,944,19
12996,1005.0,945,19
13005,2265.0,1906,57
13006,2200.0,1907,56
13007,2725.0,1949,112
13008,2790.0,1952,108
13009,2110.0,1558,77
13010,2095.0,1559,78
13011,445.0,340,18
13012,415.0,340,18
13013,140.0,111,6
13014,165.0,111,6
13015,185.0,158,5
13016,185.0,158,5
13017,355.0,275,15
13018,365.0,275,15
13019,2140.0,1517,66
13020,2325.0,1521,64
13021,1000.0,691,42
13022,1080.0,692,42
13023,925.0,658,33
13024,920.0,658,33
13027,340.0,275,11
13028,365.0,275,11
13033,740.0,419,49
13034,765.0,419,45
13043,1015.0,697,19
13044,945.0,698,19
13049,2670.0,1908,111
13050,2735.0,1909,106
13053,315.0,210,6
13054,310.0,210,6
13063,695.0,403,12
13064,585.0,424,12
13071,575.0,472,21
13072,600.0,472,21
13103,275.0,229,14
13104,290.0,229,14
13105,1010.0,680,30
13106,1125.0,681,30
13109,135.0,112,2
13110,135.0,112,2
13113,270.0,222,12
13114,305.0,222,12
13117,275.0,222,11
13118,280.0,222,11
13119,2305.0,1627,89
13120,2440.0,1627,91
13121,865.0,740,16
13122,905.0,741,16
13129,105.0,78,2
13130,110.0,78,2
13131,835.0,545,44
13132,860.0,546,45
13133,1465.0,871,82
13134,1575.0,871,84
13135,840.0,618,17
13136,905.0,619,17
13137,1120.0,785,22
13138,1185.0,786,22
13141,1055.0,716,34
13142,1010.0,716,34
13145,680.0,473,20
13146,705.0,473,20
13147,845.0,692,24
13148,825.0,692,24
13149,940.0,734,25
13150,1005.0,734,25
13151,2725.0,1978,96
13152,2690.0,1979,97
13153,465.0,350,14
13154,465.0,350,15
13155,845.0,618,19
13156,890.0,618,19
13157,740.0,564,14
13158,785.0,565,14
13159,850.0,542,16
13160,765.0,542,16
13161,580.0,427,12
13162,535.0,426,12
13163,985.0,589,33
13164,1015.0,589,33
13165,855.0,606,15
13166,840.0,618,15
13167,1705.0,1462,22
13168,1685.0,1463,22
13169,985.0,569,27
13170,1015.0,568,27
13185,905.0,625,22
13186,860.0,626,21
13187,295.0,228,10
13188,280.0,228,10
13201,2145.0,1698,67
13202,2140.0,1699,63
13205,435.0,223,9
13206,350.0,223,9
13225,555.0,264,20
13226,475.0,264,20
13233,235.0,108,15
13234,245.0,108,15
13235,550.0,305,29
13236,490.0,305,29
13237,1505.0,1245,28
13238,1600.0,1246,28
13239,1505.0,1198,24
13240,1600.0,1199,24
13241,445.0,271,21
13242,415.0,271,21
13243,350.0,242,24
13244,360.0,242,24
13245,760.0,487,32
13246,735.0,485,35
13247,1340.0,969,41
13248,1360.0,967,44
13249,305.0,193,12
13250,355.0,193,12
13257,1135.0,971,8
13258,1080.0,971,8
13287,2900.0,1112,51
13288,1455.0,1113,52
13301,350.0,198,12
13302,325.0,197,12
13303,410.0,295,10
13304,425.0,292,10
13305,235.0,198,17
13306,240.0,198,17
13307,2215.0,1600,74
13308,2070.0,1600,71
13319,485.0,331,20
13320,510.0,328,20
13329,380.0,290,11
13330,365.0,290,11
13331,620.0,367,22
13332,490.0,367,22
13345,400.0,208,9
13346,435.0,208,9
13347,840.0,493,32
13348,735.0,493,32
13351,3415.0,2535,96
13352,3335.0,2534,97
13401,425.0,230,28
13402,385.0,230,28
13403,895.0,572,26
13404,815.0,575,26
13409,330.0,231,17
13410,345.0,231,17
13413,2010.0,1399,63
13414,2005.0,1399,61
13415,570.0,399,18
13416,630.0,399,18
13417,870.0,659,16
13418,890.0,660,16
13419,395.0,239,18
13420,415.0,239,18
13421,290.0,224,11
13422,305.0,224,11
13423,2090.0,1748,18
13424,2135.0,1749,18
13425,2420.0,2141,30
13426,2485.0,2130,30
13429,1770.0,1405,24
13430,1840.0,1405,24
13465,425.0,329,15
13466,400.0,329,15
13483,2010.0,1447,65
13484,2005.0,1447,63
13501,395.0,330,18
13502,395.0,323,18
13505,480.0,379,14
13506,480.0,372,14
13507,815.0,641,15
13508,860.0,643,15
13509,1245.0,859,24
13510,1215.0,861,22
13511,210.0,166,9
13512,200.0,166,9
14001,485.0,471,2
14002,440.0,471,2
14003,1775.0,1418,23
14004,1790.0,1418,23
14005,1560.0,1182,41
14006,1760.0,1183,43
14007,1730.0,1235,34
14008,1775.0,1236,34
14011,500.0,410,9
14012,540.0,410,9
14013,795.0,627,15
14014,845.0,627,15
14015,1705.0,1218,35
14016,1745.0,1219,36
14017,1730.0,1282,36
14018,1775.0,1283,36
14019,2810.0,2478,18
14020,2915.0,2479,18
14021,440.0,291,18
14022,445.0,291,18
14033,895.0,653,32
14034,910.0,653,30
14035,575.0,495,19
14036,665.0,495,20
14041,660.0,338,20
14042,670.0,338,20
14043,430.0,237,13
14044,430.0,237,13
14055,3280.0,2578,62
14056,3165.0,2579,61
14085,400.0,263,20
14086,388.0,263,20
14095,335.0,269,14
14096,345.0,269,15
14101,255.0,208,13
14102,300.0,208,13
14109,305.0,213,12
14110,265.0,213,12
14113,580.0,360,15
14114,545.0,360,16
14115,840.0,724,15
14116,900.0,724,15
14117,410.0,263,10
14118,420.0,263,10
14119,515.0,335,11
14120,495.0,335,11
14123,305.0,246,15
14124,325.0,246,15
14125,410.0,202,15
14126,355.0,202,15
14151,630.0,429,13
14152,705.0,478,13
14163,775.0,629,30
14164,790.0,629,24
14201,320.0,197,11
14202,320.0,197,11
14203,350.0,301,14
14204,390.0,301,14
14205,735.0,614,11
14206,775.0,614,11
14207,825.0,659,16
14208,750.0,659,16
14209,225.0,194,8
14210,240.0,194,8
14211,260.0,188,18
14212,270.0,191,18
14213,360.0,254,12
14214,405.0,255,12
14215,250.0,200,11
14216,265.0,200,11
14217,1160.0,875,41
14218,1095.0,875,40
14219,375.0,301,12
14220,450.0,301,12
14221,315.0,203,9
14222,305.0,203,9
14227,305.0,276,13
14228,340.0,276,12
14235,880.0,558,48
14236,915.0,558,45
14257,975.0,793,32
14258,1020.0,793,34
14260,420.0,319,8
14265,1325.0,845,49
14266,1280.0,845,51
14307,760.0,460,41
14308,740.0,460,40
14309,1720.0,1226,30
14310,1635.0,1228,30
14311,1920.0,1543,46
14312,1915.0,1540,45
14313,1885.0,1592,26
14314,1980.0,1591,27
14315,340.0,257,16
14316,315.0,257,16
14317,1720.0,1165,30
14318,1490.0,1168,30
14319,1360.0,1021,19
14320,1445.0,1020,19
14321,1650.0,1409,46
14322,1650.0,1407,45
14323,140.0,71,6
14324,105.0,71,6
14369,1215.0,722,36
14370,1165.0,722,36
14371,255.0,201,10
14372,290.0,201,10
14501,635.0,523,13
14502,665.0,523,13
14503,575.0,479,10
14504,630.0,479,10
14505,345.0,286,11
14506,355.0,286,12
14511,1095.0,773,29
14512,1025.0,773,28
14519,450.0,335,19
14520,435.0,335,19
14521,335.0,261,14
14522,360.0,261,14
14523,1615.0,1295,21
14524,1645.0,1296,21
14525,405.0,314,15
14526,415.0,314,15
14545,495.0,212,27
14546,395.0,203,27
14553,590.0,398,28
14554,560.0,398,26
14555,455.0,271,21
14556,425.0,271,21
14601,225.0,184,10
14602,265.0,184,10
14603,2070.0,1568,33
14604,1850.0,1571,33
14609,845.0,635,22
14610,975.0,635,22
14611,1685.0,1385,14
14613,300.0,236,8
14614,285.0,236,8
14615,960.0,661,18
14616,870.0,661,18
14623,1200.0,1027,23
14624,1290.0,1029,23
14625,450.0,382,18
14626,440.0,382,18
14629,155.0,123,9
14630,150.0,123,9
14631,750.0,462,27
14632,745.0,462,29
14633,150.0,106,7
14634,150.0,106,7
14645,815.0,639,29
14646,835.0,639,28
14649,2440.0,1668,63
14650,2240.0,1669,58
14659,1090.0,919,39
14660,1110.0,919,39
14661,240.0,209,8
14662,255.0,209,8
14673,2440.0,1650,58
14674,2240.0,1653,58
14681,545.0,438,21
14682,525.0,438,21
14703,395.0,314,14
14704,380.0,314,14
14707,1450.0,1211,34
14708,1470.0,1209,34
14709,2440.0,2094,31
14710,2370.0,2091,31
14711,590.0,471,21
14712,560.0,471,21
14713,710.0,534,15
14714,750.0,534,15
14715,650.0,445,10
14716,580.0,445,10
14717,975.0,751,14
14718,935.0,751,14
14723,975.0,604,31
14724,995.0,605,30
14731,640.0,521,29
14732,645.0,521,29
14795,145.0,108,6
14796,160.0,108,6
14801,960.0,735,41
14803,575.0,479,17
14804,600.0,479,17
14805,2730.0,2242,38
14806,3015.0,2240,37
14807,175.0,150,10
14808,205.0,150,10
14809,360.0,300,11
14810,390.0,300,11
14811,400.0,291,12
14812,380.0,291,12
14853,1515.0,1193,36
14854,1500.0,1194,37
14863,1465.0,1145,31
14864,1395.0,1146,32
14865,1465.0,1170,33
14866,1400.0,1171,33
14887,1365.0,1082,40
14888,1390.0,1082,40
14889,360.0,324,2
14890,290.0,324,2
15001,1435.0,1122,26
15002,1485.0,1124,26
15003,855.0,551,31
15004,800.0,551,28
15005,1000.0,813,16
15006,1000.0,814,16
15007,765.0,503,36
15008,795.0,505,37
15009,485.0,329,16
15011,960.0,698,20
15012,965.0,698,20
15013,1700.0,1255,39
15014,1595.0,1256,39
15015,3070.0,2501,23
15016,3235.0,2504,23
15017,2195.0,1718,73
15018,2195.0,1718,73
15019,155.0,81,5
15020,145.0,81,5
15021,1203.0,1056,15
15022,1215.0,1055,15
15023,3025.0,2460,24
15024,2645.0,2473,24
15025,1020.0,823,11
15026,1065.0,823,11
15027,1460.0,859,50
15028,1485.0,864,50
15029,2080.0,1747,20
15030,1995.0,1748,20
15033,305.0,243,8
15034,310.0,243,8
15035,405.0,278,10
15036,400.0,277,10
15037,355.0,246,20
15038,335.0,247,20
15039,155.0,107,8
15040,120.0,107,8
15041,135.0,107,9
15042,140.0,107,9
15043,605.0,341,11
15044,470.0,341,11
15045,2830.0,2285,39
15046,2785.0,2286,39
15047,1035.0,855,19
15048,1015.0,858,19
15049,1155.0,879,27
15050,1225.0,882,27
15051,1065.0,873,22
15052,1095.0,875,23
15053,805.0,535,13
15054,860.0,536,13
15055,635.0,440,21
15056,680.0,440,21
15057,845.0,748,8
15058,860.0,749,8
15059,390.0,248,11
15060,390.0,248,11
15063,2070.0,1745,23
15064,2080.0,1745,23
15065,2090.0,1743,23
15066,2080.0,1743,23
15067,2315.0,1896,26
15068,2475.0,1895,26
15069,365.0,333,11
15070,415.0,333,11
15097,2205.0,1777,31
15098,2115.0,1780,31
15101,1980.0,1878,19
15102,2225.0,1882,19
15103,345.0,234,15
15104,345.0,234,16
15105,240.0,177,10
15106,260.0,179,16
15111,295.0,222,14
15112,315.0,222,14
15115,1480.0,996,21
15116,1400.0,996,21
15117,625.0,492,11
15118,635.0,493,10
15119,3225.0,2790,37
15120,3095.0,2785,37
15159,1460.0,1091,50
15160,1515.0,1092,46
15201,425.0,204,17
15202,355.0,204,17
15203,990.0,670,37
15204,1020.0,674,37
15205,820.0,585,28
15206,770.0,585,27
15209,1935.0,1520,48
15210,1975.0,1523,48
15211,1950.0,1485,48
15212,1915.0,1486,46
15215,260.0,159,13
15216,230.0,159,13
15227,3125.0,2729,36
15228,3145.0,2729,35
15231,1970.0,1523,32
15232,2130.0,1520,34
15233,710.0,534,10
15234,685.0,534,10
15235,685.0,535,11
15236,675.0,536,11
15267,2230.0,1924,24
15268,2390.0,1925,23
15269,2150.0,1744,25
15270,2130.0,1745,25
15271,705.0,549,12
15272,705.0,550,12
15273,1455.0,955,45
15274,1400.0,956,45
15275,170.0,109,8
15276,220.0,109,8
15279,1460.0,1182,22
15280,1550.0,1185,22
15283,660.0,373,19
15284,615.0,373,19
15417,1065.0,589,26
15418,915.0,589,26
15463,405.0,308,15
15464,415.0,309,15
15483,2235.0,1638,58
15484,2245.0,1638,59
15529,1605.0,1253,25
15530,1640.0,1255,25
15531,2160.0,1612,28
15532,2045.0,1615,28
15547,2230.0,1963,20
15548,2160.0,1963,20
15549,460.0,243,10
15550,450.0,243,10
15559,2415.0,2018,27
15560,2450.0,2020,27
15563,2140.0,1865,26
15564,2270.0,1866,26
15601,2550.0,2294,14
15602,2700.0,2295,14
15603,840.0,571,35
15604,830.0,570,35
15605,400.0,233,20
15606,405.0,233,20
15613,690.0,491,25
15614,725.0,491,25
15617,455.0,332,14
15618,525.0,332,14
15619,1415.0,1093,21
15620,1360.0,1093,21
15621,2165.0,1901,25
15622,2340.0,1904,25
15623,3335.0,2541,46
15624,3150.0,2540,46
15629,3300.0,2796,40
15630,3255.0,2797,40
15631,3030.0,2462,34
15632,2835.0,2461,34
15635,4040.0,3219,44
15636,3910.0,3219,44
15639,1870.0,1512,26
15640,1925.0,1513,26
15643,1915.0,1534,27
15644,1905.0,1548,26
15645,3115.0,2598,47
15646,3065.0,2597,48
15647,3175.0,2740,54
15648,3180.0,2739,55
15651,2845.0,2344,43
15652,2935.0,2348,43
15653,2845.0,2431,43
15654,2935.0,2433,43
15655,3195.0,2606,40
15656,3410.0,2607,40
15657,1285.0,977,33
15658,1230.0,977,33
15659,2305.0,1555,40
15660,2275.0,1554,40
15661,1570.0,1228,29
15662,1590.0,1232,29
15665,340.0,250,9
15666,345.0,249,9
15667,3870.0,3142,36
15668,3820.0,3142,36
15669,325.0,250,7
15670,295.0,249,7
15707,2280.0,1787,51
15708,2220.0,1790,53
15711,530.0,398,11
15712,530.0,419,11
15713,415.0,289,19
15714,430.0,289,19
15715,2370.0,1834,28
15716,2410.0,1834,28
15717,685.0,405,26
15718,630.0,404,26
15719,315.0,202,18
15720,315.0,202,18
15721,1020.0,752,18
15722,945.0,773,18
15723,785.0,545,13
15724,720.0,545,13
15765,396.0,262,19
15766,510.0,262,19
15767,285.0,161,14
15768,240.0,161,14
15769,595.0,450,27
15770,585.0,449,26
15771,430.0,300,20
15772,430.0,300,20
15815,285.0,182,12
15816,285.0,182,12
15903,3270.0,2636,35
15904,3420.0,2640,35
15905,4780.0,4260,57
15906,4965.0,4256,58
15909,4015.0,3114,89
15927,870.0,595,27
15928,840.0,595,27
15929,4095.0,3353,51
15930,4170.0,3353,51
15933,3725.0,2870,38
15934,3670.0,2872,38
15941,2270.0,1712,32
15942,2180.0,1712,32
15959,2180.0,1507,56
15960,2120.0,1528,56
15967,925.0,604,31
15968,885.0,603,31
16003,1605.0,1365,26
16004,1635.0,1363,27
16021,575.0,498,24
16022,630.0,499,23
16023,190.0,143,10
16024,180.0,143,10
16031,3485.0,2859,81
16032,3625.0,2857,82
16053,215.0,148,8
16054,220.0,146,9
16057,195.0,148,8
16058,230.0,146,9
16085,190.0,144,15
16086,170.0,144,14
16089,265.0,212,16
16090,255.0,213,16
16093,2365.0,2086,47
16094,2520.0,2083,46
16101,790.0,664,24
16102,815.0,664,25
16105,975.0,775,29
16106,985.0,774,29
16115,255.0,196,10
16116,235.0,196,10
16127,1295.0,1095,48
16128,1385.0,1096,48
16129,60.0,31,4
16130,40.0,31,3
16175,505.0,360,16
16176,490.0,360,16
16179,500.0,394,13
16180,500.0,394,13
16181,780.0,682,26
16182,815.0,682,27
16183,460.0,351,18
16184,430.0,350,18
16185,35.0,10,2
16186,25.0,10,2
16187,870.0,591,29
16188,815.0,592,27
16203,215.0,148,10
16204,240.0,146,11
16205,465.0,372,13
16206,450.0,372,13
16209,2910.0,2278,45
16210,2830.0,2279,44
16215,165.0,138,10
16216,170.0,138,10
16217,1820.0,1304,24
16218,1805.0,1304,24
16227,695.0,508,35
16228,700.0,508,31
16229,3160.0,2698,35
16231,895.0,676,24
16232,930.0,676,25
16233,160.0,120,7
16234,145.0,120,7
16235,1030.0,775,35
16301,485.0,327,30
16302,475.0,327,30
16303,295.0,220,19
16304,310.0,219,19
16305,345.0,282,16
16306,355.0,282,17
16307,455.0,338,27
16308,485.0,339,28
16311,3190.0,2701,44
16312,3245.0,2704,44
16313,455.0,338,27
16314,485.0,339,26
16315,965.0,829,22
16316,950.0,830,22
16317,4385.0,3769,71
16318,4320.0,3765,75
16331,2350.0,1953,43
16332,2425.0,1954,42
16333,2785.0,2407,59
16334,2940.0,2411,59
16335,2695.0,2348,56
16336,2775.0,2352,56
16337,2535.0,2253,50
16338,2680.0,2258,51
16339,2350.0,1874,40
16340,2300.0,1875,39
16341,390.0,302,23
16342,410.0,302,22
16343,880.0,609,22
16344,880.0,610,22
16345,1815.0,1510,46
16346,1855.0,1514,46
16347,865.0,630,50
16348,865.0,632,49
16349,75.0,67,9
16350,80.0,66,9
16351,2405.0,1942,47
16352,2390.0,1945,46
16353,1740.0,1490,31
16354,1790.0,1492,31
16359,3500.0,2987,44
16360,3285.0,2980,44
16381,2690.0,2130,63
16382,2760.0,2132,62
16501,2020.0,1797,25
16502,2210.0,1785,27
16505,2535.0,1949,34
16506,2320.0,1952,33
16507,2755.0,2103,46
16508,2580.0,2104,45
16515,950.0,667,22
16516,900.0,649,22
16517,880.0,579,20
16518,940.0,578,20
16519,215.0,148,16
16520,200.0,148,15
16521,105.0,70,8
16522,95.0,70,8
16523,315.0,262,14
16524,340.0,260,14
16525,1250.0,934,46
16526,1160.0,934,49
16527,800.0,655,18
16528,835.0,654,18
16531,2835.0,2213,38
16532,2920.0,2201,38
16533,2835.0,2173,30
16534,2865.0,2161,30
16535,1240.0,966,32
16536,1250.0,964,32
16557,160.0,138,9
16558,180.0,138,9
16565,1065.0,833,20
16566,1035.0,833,20
16569,780.0,611,15
16570,810.0,599,15
16571,855.0,687,18
16572,815.0,687,18
16573,615.0,453,10
16574,690.0,452,10
16575,585.0,409,14
16576,540.0,394,14
16577,435.0,333,12
16578,375.0,332,12
16579,345.0,268,9
16580,330.0,267,9
16581,370.0,268,10
16582,365.0,267,10
16587,2990.0,2440,35
16588,3190.0,2440,34
16589,985.0,797,30
16590,1000.0,794,30
16591,895.0,668,30
16592,940.0,668,30
16593,1410.0,1021,43
16594,1485.0,1021,43
16603,820.0,620,32
16604,760.0,619,31
16605,955.0,691,41
16606,900.0,689,41
16613,2675.0,2220,35
16614,2610.0,2222,36
16615,510.0,334,10
16616,430.0,334,9
16617,700.0,498,17
16618,645.0,498,15
16629,930.0,631,54
16630,895.0,632,54
16649,930.0,703,52
16650,955.0,702,50
16687,4215.0,3663,63
16688,4370.0,3661,67
16723,1030.0,858,31
16724,1025.0,858,32
16733,3815.0,3177,42
16734,3615.0,3175,42
16779,1115.0,816,23
16780,1095.0,817,23
16787,585.0,454,11
16788,565.0,454,11
16790,675.0,454,11
16791,600.0,347,29
16792,565.0,348,29
16793,3450.0,2916,20
16794,3315.0,2912,20
16853,465.0,400,19
16854,470.0,400,19
16855,1015.0,796,23
16856,1015.0,795,23
16857,1040.0,861,19
16858,1015.0,861,19
16859,1350.0,983,52
16860,1280.0,982,53
16861,930.0,699,23
16862,935.0,698,23
16863,2985.0,2853,43
16864,3205.0,2855,42
17001,950.0,771,25
17002,998.0,771,25
17009,215.0,163,9
17010,210.0,162,9
17011,370.0,316,21
17012,345.0,305,20
17013,855.0,639,15
17014,870.0,640,15
17015,1380.0,1135,41
17016,1370.0,1135,41
17017,1745.0,1467,27
17018,1680.0,1468,28
17019,2470.0,2002,34
17020,2350.0,2004,34
17021,465.0,376,9
17022,640.0,373,9
17023,300.0,243,16
17024,295.0,243,14
17025,435.0,341,15
17026,435.0,341,15
17027,280.0,243,13
17028,330.0,243,13
17031,1030.0,791,26
17032,985.0,793,26
17037,2455.0,2120,28
17038,2470.0,2121,28
17057,1040.0,875,30
17058,1125.0,875,29
17063,720.0,615,23
17064,755.0,615,23
17201,465.0,391,24
17202,495.0,390,25
17203,2450.0,2051,31
17204,2400.0,2053,32
17205,1585.0,1346,39
17206,1638.0,1347,39
17207,1325.0,1129,32
17208,1363.0,1130,32
17209,1185.0,962,35
17210,1135.0,962,36
17211,1110.0,768,21
17212,1005.0,768,21
17213,1325.0,1092,23
17214,1425.0,1092,23
17215,830.0,619,16
17216,890.0,619,16
17221,1580.0,1306,23
17222,1505.0,1306,23
17225,935.0,693,26
17226,945.0,691,26
17229,1780.0,1562,43
17230,1865.0,1563,43
17231,1415.0,1048,27
17232,1425.0,1048,28
17233,575.0,375,34
17234,515.0,374,34
17235,875.0,669,16
17236,835.0,668,16
17239,620.0,382,27
17240,490.0,383,26
17241,120.0,76,8
17242,125.0,77,8
17255,630.0,462,21
17256,655.0,464,21
17301,570.0,493,18
17302,630.0,490,17
17305,125.0,90,4
17307,1360.0,993,34
17308,1420.0,994,32
17309,930.0,665,18
17310,905.0,662,18
17311,1320.0,1029,24
17312,1275.0,1027,25
17315,1645.0,1269,24
17316,1815.0,1273,27
17317,930.0,732,16
17318,990.0,731,16
17319,895.0,660,22
17320,950.0,661,22
17321,1105.0,796,12
17322,1220.0,797,13
17323,2530.0,2037,24
17324,2395.0,2037,24
17325,760.0,607,25
17326,775.0,609,25
17401,610.0,466,21
17402,575.0,466,21
17403,140.0,94,8
17404,165.0,94,9
17405,1490.0,1154,61
17406,1480.0,1153,62
17407,640.0,462,19
17408,650.0,463,19
17409,240.0,184,9
17410,240.0,184,9
17411,665.0,517,18
17412,655.0,517,19
17413,405.0,302,11
17414,405.0,302,11
17415,1175.0,904,31
17416,1225.0,903,32
17417,1755.0,1419,37
17418,1685.0,1419,38
17419,1120.0,778,31
17420,1130.0,777,26
17479,1670.0,1231,72
17480,1685.0,1231,73
17481,1815.0,1402,65
17482,1865.0,1400,66
17487,900.0,735,36
17488,920.0,736,33
17603,805.0,653,18
17604,810.0,652,18
17605,1655.0,1522,28
17606,1770.0,1518,28
17609,1920.0,1736,17
17610,1940.0,1738,17
17613,1045.0,667,13
17614,930.0,667,14
17615,1470.0,1283,23
17616,1510.0,1286,23
17617,705.0,604,20
17618,705.0,604,20
17619,345.0,236,8
17620,330.0,236,8
17621,1395.0,1148,28
17622,1500.0,1148,28
17623,2070.0,1675,29
17624,2105.0,1677,29
17625,480.0,347,21
17626,565.0,341,19
17639,680.0,513,21
17640,645.0,513,21
17641,960.0,730,32
17642,945.0,730,32
17643,1090.0,759,36
17644,1070.0,760,36
17651,980.0,825,21
17652,990.0,824,23
17687,545.0,416,24
17688,560.0,419,24
18005,1515.0,1163,48
18006,1560.0,1164,46
18007,320.0,260,13
18008,380.0,259,13
18009,2430.0,2000,24
18010,2550.0,2002,24
18029,2300.0,1957,83
18030,2270.0,1955,82
18047,2375.0,2128,44
18048,2370.0,2125,45
18101,2840.0,2017,71
18102,2640.0,2017,72
18103,1995.0,1746,25
18104,1990.0,1747,25
18107,825.0,644,13
18108,810.0,644,13
18111,2850.0,2434,42
18112,2985.0,2421,42
18117,1015.0,796,26
18118,1050.0,796,26
18181,1130.0,629,37
18182,1080.0,629,37
18183,690.0,507,36
18184,695.0,507,35
18189,170.0,159,9
18190,180.0,159,10
18191,1100.0,685,33
18192,1145.0,687,31
18201,1615.0,1207,25
18202,1625.0,1212,25
18203,1060.0,879,20
18204,1130.0,883,21
18205,1615.0,1153,24
18206,1760.0,1161,24
18207,1550.0,1396,22
18208,1605.0,1404,22
18211,870.0,660,15
18212,1010.0,665,15
18213,1400.0,1250,20
18214,1475.0,1258,20
18215,2195.0,1906,26
18216,2290.0,1916,26
18233,1440.0,1008,72
18234,1450.0,1009,74
18235,1190.0,720,67
18236,1300.0,721,67
18237,2515.0,1998,85
18238,2645.0,1990,89
18239,695.0,520,31
18240,445.0,406,18
18241,670.0,463,32
18242,700.0,471,32
18243,2080.0,1818,33
18244,2110.0,1808,33
18245,2125.0,1884,33
18246,2210.0,1874,33
18247,675.0,468,39
18248,700.0,465,39
18301,395.0,321,20
18302,365.0,321,20
18303,395.0,340,16
18304,405.0,340,16
18309,540.0,378,14
18310,575.0,381,14
18311,1185.0,890,37
18312,1155.0,893,37
18401,3145.0,2779,41
18402,2990.0,2775,41
18403,155.0,126,6
18404,175.0,126,6
18405,2225.0,2013,40
18406,2250.0,2005,40
18407,1965.0,1697,26
18408,1895.0,1691,26
18409,575.0,504,20
18410,580.0,503,21
18413,270.0,172,12
18414,225.0,172,12
18415,645.0,396,30
18416,625.0,396,30
18419,1390.0,998,24
18420,1330.0,998,24
18421,2785.0,2483,41
18422,2945.0,2479,41
18425,1030.0,810,28
18426,1020.0,803,28
18437,200.0,146,11
18438,210.0,146,11
18447,1060.0,784,41
18448,1080.0,784,41
18449,1175.0,926,27
18450,1095.0,926,27
18451,920.0,686,24
18452,905.0,686,25
18463,1835.0,1546,47
18464,1850.0,1545,46
18477,2880.0,2347,76
18478,2900.0,2354,75
18495,2050.0,1884,25
18496,2100.0,1884,25
18501,2365.0,2116,29
18502,2390.0,2113,29
18503,1635.0,1406,25
18504,1615.0,1405,25
18507,2860.0,2552,48
18508,2885.0,2556,48
18511,420.0,357,12
18512,425.0,357,11
18517,900.0,726,31
18518,905.0,727,31
18519,1755.0,1512,20
18520,1700.0,1497,20
18567,1810.0,1572,33
18568,1695.0,1576,33
18573,2435.0,2056,35
18574,2515.0,2060,35
18605,990.0,637,17
18606,1020.0,640,17
18609,2340.0,2014,29
18610,2375.0,2018,29
18611,765.0,574,30
18612,760.0,576,30
18613,600.0,480,20
18614,685.0,482,20
18615,555.0,430,17
18616,565.0,426,17
18619,590.0,400,17
18620,590.0,402,17
18621,880.0,571,42
18622,940.0,569,43
18623,675.0,417,26
18624,685.0,414,25
18625,560.0,417,21
18626,570.0,414,21
18631,1990.0,1663,39
18632,1965.0,1665,39
18637,2055.0,1884,27
18638,2200.0,1884,27
18645,1810.0,1602,59
18646,1820.0,1602,61
18695,180.0,64,8
18696,145.0,64,8
18697,490.0,314,27
18698,510.0,314,27
19015,1275.0,958,63
19016,1330.0,958,62
19019,2490.0,1676,98
19020,2540.0,1678,92
19021,1810.0,1681,23
19022,1910.0,1681,23
19023,2330.0,1759,94
19024,2315.0,1762,97
19025,690.0,567,21
19026,720.0,567,21
19027,2230.0,1878,33
19028,2215.0,1879,33
19031,1575.0,1200,43
19032,1550.0,1203,43
19033,380.0,297,27
19034,375.0,297,27
19035,135.0,99,10
19036,160.0,99,11
19037,2345.0,1832,68
19038,2355.0,1831,68
19039,2830.0,2142,82
19040,2795.0,2140,82
19041,2105.0,1909,31
19042,2180.0,1910,27
19045,1965.0,1732,35
19046,2020.0,1730,35
19051,2100.0,1786,17
19052,2005.0,1785,17
19053,2780.0,2121,25
19054,2730.0,2120,25
19055,975.0,750,18
19056,935.0,751,18
19057,1625.0,1403,13
19058,1755.0,1402,13
19061,1785.0,1635,28
19062,1805.0,1636,28
19063,1815.0,1596,18
19064,1845.0,1595,18
19107,1865.0,1537,19
19108,2050.0,1539,19
19115,960.0,843,29
19116,920.0,843,29
19119,560.0,435,19
19120,570.0,435,19
19151,360.0,300,17
19152,355.0,300,17
19165,2775.0,1945,70
19166,2830.0,1945,72
19167,2195.0,1600,57
19168,2235.0,1601,57
19201,1975.0,1690,29
19202,2030.0,1689,29
19215,1275.0,958,63
19217,940.0,807,30
19218,945.0,807,33
19223,1935.0,1474,58
19224,1870.0,1476,60
19225,715.0,489,24
19226,735.0,489,24
19251,590.0,438,17
19252,565.0,438,17
19259,2730.0,2274,41
19260,2615.0,2270,41
19261,2730.0,2427,30
19262,2675.0,2423,30
19263,1705.0,1394,28
19264,1715.0,1396,32
19269,3055.0,2465,35
19270,3005.0,2465,35
19301,2290.0,1895,32
19302,2515.0,1895,32
19303,335.0,262,18
19304,340.0,262,17
19307,1510.0,1100,19
19308,1345.0,1102,19
19309,725.0,563,19
19310,675.0,564,19
19311,1075.0,969,17
19312,1175.0,970,17
19313,1640.0,1347,17
19314,1675.0,1347,17
19321,1640.0,1394,17
19322,1675.0,1395,17
19323,245.0,217,7
19324,260.0,217,7
19325,1745.0,1323,24
19326,1635.0,1326,24
19327,434.0,302,16
19328,405.0,302,16
19329,705.0,481,18
19330,745.0,481,18
19331,2535.0,2300,32
19332,2725.0,2296,32
19401,1610.0,1298,27
19402,1675.0,1300,27
19403,1800.0,1550,20
19404,1805.0,1552,20
19407,1960.0,1693,21
19408,1940.0,1696,21
19409,1910.0,1569,29
19410,1965.0,1569,29
19411,580.0,489,12
19412,550.0,491,12
19413,3430.0,2617,37
19414,3245.0,2618,37
19415,2145.0,1716,31
19416,2255.0,1718,31
19419,2025.0,1721,26
19420,1890.0,1719,27
19421,2040.0,1666,29
19422,2170.0,1669,28
19565,2110.0,1662,33
19566,2060.0,1664,33
19567,3095.0,2730,42
19568,3315.0,2730,43
19571,280.0,201,15
19572,255.0,201,15
19573,1195.0,1049,20
19574,1270.0,1051,20
19575,1340.0,1126,20
19576,1390.0,1126,20
19577,2730.0,2438,29
19578,2960.0,2434,29
19579,1305.0,1102,24
19580,1290.0,1105,24
19601,2535.0,2235,29
19602,2620.0,2232,29
19607,2535.0,2000,30
19608,2765.0,2004,30
19609,1280.0,968,29
19611,1250.0,1006,31
19612,1170.0,1006,31
19613,1010.0,847,26
19614,970.0,847,26
19659,2193.0,1880,24
19660,2275.0,1883,24
19665,1270.0,1080,29
19666,1290.0,1080,29
19707,1320.0,1103,39
19708,1315.0,1106,39
19709,2905.0,2213,37
19710,2845.0,2210,37
19711,1035.0,792,34
19712,995.0,792,34
19713,2065.0,1726,31
19714,1975.0,1726,31
19715,805.0,675,17
19716,815.0,674,17
19717,735.0,569,17
19718,725.0,569,17
19803,1490.0,1125,30
19804,1555.0,1127,30
19805,1305.0,1084,22
19806,1235.0,1086,22
19807,280.0,238,11
19808,290.0,239,11
20501,2450.0,2412,16
20502,2500.0,2413,16
20601,530.0,558,6
20602,535.0,554,7
20651,295.0,273,11
20652,295.0,273,11
20809,1625.0,1486,22
20810,1615.0,1484,22
20811,1055.0,981,13
20812,1060.0,978,13
20813,2640.0,2433,43
20814,2640.0,2426,43
20815,930.0,862,24
20816,940.0,862,24
20817,1650.0,1893,13
20818,1650.0,1894,13
20889,1145.0,1234,8
20890,1165.0,1233,8
20901,215.0,185,4
20902,190.0,185,4
20903,1600.0,1536,11
20904,1650.0,1535,11
21067,119.0,95,4
21068,100.0,95,4
21107,60.0,63,2
21108,70.0,63,2
21125,825.0,643,17
21126,885.0,643,17
22101,280.0,260,7
22102,282.0,260,8
22103,1640.0,1600,17
22104,1745.0,1599,17
22105,205.0,191,8
22106,205.0,191,7
22109,1195.0,1501,9
22110,1200.0,1504,9
22111,635.0,603,20
22112,625.0,604,20
22113,1650.0,1513,26
22114,1655.0,1517,26
22115,590.0,545,8
22116,595.0,547,8
22117,720.0,730,10
22118,785.0,730,10
22119,500.0,561,7
22120,510.0,563,7
22121,1405.0,1411,11
22122,1510.0,1411,11
22123,840.0,892,10
22124,955.0,892,10
22125,1635.0,1518,10
22126,1455.0,1521,10
22127,1155.0,1122,21
22128,1155.0,1123,21
22131,1625.0,1543,19
22132,1670.0,1543,19
22133,710.0,644,13
22134,710.0,644,13
22135,750.0,780,16
22136,845.0,780,16
22137,1015.0,961,14
22138,1035.0,961,14
22140,480.0,457,8
22143,735.0,667,17
22144,725.0,667,17
22145,149.0,136,9
22146,149.0,136,9
22147,360.0,330,8
22148,360.0,330,8
22149,1475.0,1371,18
22150,1445.0,1366,18
22151,1250.0,1191,19
22152,1295.0,1193,19
22161,290.0,290,11
22162,305.0,292,11
22163,400.0,367,9
22164,400.0,367,9
22165,705.0,656,11
22166,720.0,655,11
22168,1115.0,1050,11
22181,855.0,883,15
22182,870.0,886,15
22187,330.0,330,10
22188,365.0,330,10
22189,255.0,238,11
22190,255.0,238,11
22191,600.0,554,19
22192,600.0,554,19
22201,475.0,527,3
22202,495.0,526,3
22203,630.0,708,3
22204,615.0,708,3
22205,520.0,553,3
22206,515.0,555,3
22207,860.0,901,11
22208,870.0,904,11
22209,1035.0,1373,5
22210,1010.0,1376,5
22213,515.0,538,4
22214,535.0,539,4
22307,225.0,172,5
22308,170.0,173,5
22309,595.0,560,8
22310,615.0,560,8
22321,260.0,239,10
22322,260.0,240,10
22323,820.0,757,9
22324,825.0,758,9
22351,2920.0,2706,28
22352,2885.0,2712,28
22356,1270.0,1142,16
22387,295.0,269,16
22388,295.0,270,16
22401,640.0,630,8
22402,620.0,630,8
22403,2455.0,2364,15
22404,2530.0,2363,15
22405,1130.0,1193,22
22406,1070.0,1193,22
22407,885.0,780,9
22408,830.0,780,9
22409,980.0,968,10
22410,880.0,968,10
22411,2285.0,2127,16
22412,2285.0,2130,16
22413,1600.0,1908,10
22414,1555.0,1907,10
22415,2070.0,2083,21
22416,2125.0,2083,21
22417,810.0,768,9
22418,830.0,768,9
22419,890.0,809,12
22420,885.0,809,12
22421,675.0,623,22
22422,675.0,624,22
22423,1185.0,1086,16
22424,1170.0,1087,16
22427,880.0,876,11
22428,930.0,876,11
22429,605.0,553,15
22430,600.0,553,17
22431,1365.0,1255,18
22432,1360.0,1255,18
22433,910.0,822,11
22434,860.0,824,10
22439,480.0,655,5
22441,190.0,194,9
22442,190.0,194,9
22443,1725.0,1607,22
22444,1645.0,1608,22
22445,975.0,897,14
22446,975.0,897,14
22447,75.0,63,2
22448,70.0,63,2
22451,1685.0,1580,24
22452,1655.0,1583,24
22453,475.0,458,10
22454,495.0,458,10
22455,1590.0,1615,15
22456,1635.0,1618,15
22457,2030.0,1849,26
22458,1920.0,1852,26
22461,700.0,654,8
22462,690.0,654,8
22463,220.0,172,4
22464,170.0,173,4
22471,475.0,455,14
22472,475.0,455,14
22473,1315.0,1211,23
22474,1320.0,1209,23
22475,2620.0,2478,34
22476,2705.0,2482,34
22477,290.0,312,12
22478,290.0,311,12
22481,635.0,620,19
22482,645.0,619,19
22483,585.0,558,14
22484,555.0,558,14
22487,140.0,91,7
22488,155.0,91,7
22497,3440.0,3101,37
22501,3935.0,3617,41
22502,3935.0,3617,39
22511,3295.0,3011,27
22512,3195.0,3006,27
22531,960.0,879,22
22532,965.0,884,22
22601,1520.0,1391,23
22602,1515.0,1391,24
22603,1875.0,1779,20
22604,1905.0,1782,20
22605,2085.0,1984,30
22606,2125.0,1986,30
22607,675.0,617,14
22608,670.0,616,14
22609,440.0,404,14
22610,430.0,405,14
22611,2490.0,2295,22
22612,2505.0,2295,22
22613,1670.0,1661,15
22614,1685.0,1662,15
22615,470.0,466,8
22616,460.0,469,8
22617,360.0,336,9
22618,350.0,336,9
22619,2705.0,2494,30
22620,2660.0,2494,30
22621,440.0,399,12
22622,440.0,398,12
22623,600.0,556,11
22624,605.0,557,11
22625,345.0,360,11
22626,360.0,361,12
22627,500.0,457,13
22628,500.0,457,13
22629,1880.0,1758,26
22630,1910.0,1763,26
22631,2675.0,2560,32
22632,2600.0,2558,32
22633,2880.0,2841,29
22634,3065.0,2840,29
22635,345.0,319,10
22636,345.0,320,10
22637,985.0,896,31
22638,980.0,898,32
22639,825.0,753,25
22640,825.0,755,26
22641,2695.0,2565,37
22642,2740.0,2564,37
22643,3045.0,2785,44
22644,3015.0,2782,42
22645,2905.0,2643,52
22646,2820.0,2648,51
22647,2735.0,2510,55
22648,2715.0,2508,55
22649,430.0,390,18
22650,425.0,393,18
22651,800.0,669,19
22652,795.0,671,20
22653,2950.0,2854,28
22654,3135.0,2852,28
22655,2920.0,2841,28
22656,3135.0,2840,28
22659,3445.0,3154,26
22660,3445.0,3152,27
22661,645.0,592,19
22662,650.0,592,20
22663,2565.0,2353,27
22664,2570.0,2352,27
22667,570.0,531,14
22668,560.0,532,14
22669,40.0,31,4
22670,40.0,31,4
22677,930.0,844,13
22678,925.0,845,13
22679,190.0,226,10
22680,190.0,211,10
22681,545.0,499,12
22682,530.0,498,11
22683,2580.0,2352,30
22684,2580.0,2338,31
22685,3155.0,2846,18
22686,3055.0,2845,18
22687,145.0,126,4
22688,135.0,126,4
22691,2035.0,2337,15
22692,2035.0,2355,15
22697,920.0,828,18
22698,920.0,829,17
22705,3115.0,2964,14
22706,3235.0,2965,14
22707,790.0,760,18
22708,790.0,759,18
22801,875.0,804,16
22803,645.0,664,11
22804,660.0,663,11
22805,1925.0,1871,18
22806,1980.0,1869,18
22807,1665.0,1657,18
22808,1575.0,1656,18
22809,560.0,552,17
22810,555.0,552,17
22811,1380.0,1717,14
22812,1365.0,1718,14
22813,435.0,490,12
22814,530.0,489,12
22815,2240.0,2144,23
22816,2205.0,2145,23
22817,2135.0,2106,21
22818,2300.0,2107,23
22819,440.0,442,27
22821,200.0,188,11
22822,195.0,189,11
22823,1510.0,1802,13
22824,1460.0,1802,13
22825,1645.0,1662,24
22826,1745.0,1661,24
22827,1895.0,1766,18
22828,1900.0,1759,18
22829,2615.0,2431,31
22830,2653.0,2431,31
22831,1850.0,1765,19
22832,1870.0,1764,19
22833,1500.0,1511,19
22834,1545.0,1514,19
22835,525.0,502,11
22836,535.0,500,11
22837,2440.0,2234,28
22838,2440.0,2238,27
22839,440.0,417,12
22840,450.0,417,12
22843,1055.0,966,22
22844,1050.0,964,22
22845,1820.0,1771,19
22846,1845.0,1779,19
22847,1715.0,1662,23
22848,1745.0,1655,24
22849,1575.0,1590,20
22850,1645.0,1589,20
22851,2500.0,2485,40
22852,2580.0,2485,40
22853,845.0,882,16
22854,915.0,880,16
22855,1550.0,1613,18
22856,1590.0,1612,18
22857,1615.0,1567,11
22858,1630.0,1566,11
22859,1285.0,1247,21
22860,1350.0,1247,21
22861,290.0,288,10
22862,310.0,288,10
22863,1745.0,1957,12
22864,1755.0,1959,12
22865,1950.0,1853,18
22866,1925.0,1860,18
22867,1280.0,1255,16
22868,1325.0,1266,16
22869,830.0,780,13
22870,795.0,780,13
22871,1245.0,1178,19
22872,1280.0,1178,19
22873,905.0,930,17
22874,935.0,930,16
22875,235.0,207,14
22876,235.0,207,14
22877,2220.0,2289,24
22878,2305.0,2293,24
22879,1245.0,1178,21
22880,1280.0,1178,21
22881,1805.0,1705,14
22882,1840.0,1706,14
22883,1740.0,1493,27
22884,1860.0,1504,28
22885,1500.0,1701,14
22886,1550.0,1704,14
22887,1975.0,1970,19
22888,1955.0,1973,20
22889,595.0,550,13
22890,580.0,550,13
22891,500.0,469,14
22892,500.0,466,15
22893,1775.0,1795,16
22894,1765.0,1801,16
22897,202.0,185,9
22898,202.0,186,9
22901,1015.0,944,16
22902,1000.0,945,16
22903,765.0,838,8
22904,795.0,838,8
22905,180.0,176,5
22906,220.0,176,5
22907,1420.0,1352,18
22908,1515.0,1348,18
22909,2250.0,2073,24
22910,2240.0,2075,24
22911,1875.0,1744,34
22912,1910.0,1745,34
22914,1945.0,1846,13
22915,1470.0,1404,30
22916,1500.0,1405,30
22917,1685.0,1610,26
22918,1635.0,1613,26
22919,1865.0,1721,12
22920,1865.0,1719,12
22925,90.0,69,3
22926,105.0,69,3
22927,520.0,480,22
22928,520.0,480,17
22929,250.0,234,14
22930,245.0,234,14
22931,1335.0,1226,27
22932,1335.0,1227,27
22933,1135.0,1146,15
22934,1130.0,1147,15
22935,845.0,787,12
22936,855.0,787,12
22937,1635.0,1600,23
22938,1700.0,1600,23
22939,1825.0,1689,23
22940,1840.0,1697,23
22941,1530.0,1393,16
22942,1455.0,1396,16
22943,1015.0,963,17
22944,1050.0,963,17
22945,1080.0,986,30
22946,1080.0,986,31
22949,1465.0,1342,27
22951,935.0,853,15
22952,935.0,853,15
22953,535.0,490,27
22954,535.0,490,27
22955,905.0,838,22
22956,910.0,838,22
22957,470.0,430,16
22959,610.0,556,21
22960,605.0,556,21
22961,585.0,547,18
22962,595.0,547,18
22963,835.0,780,18
22964,845.0,780,18
22965,1015.0,929,10
22966,1025.0,931,10
22967,1600.0,1488,20
22968,1625.0,1487,20
22969,2225.0,2023,23
22970,2095.0,2024,23
22971,2010.0,1847,14
22972,1943.0,1846,14
22973,2640.0,2436,38
22974,2650.0,2443,38
22981,1000.0,918,28
22982,970.0,919,28
22983,465.0,432,14
22989,935.0,881,16
22990,945.0,881,16
22991,950.0,910,12
22992,990.0,910,12
22993,945.0,881,15
22994,960.0,881,15
22995,210.0,185,4
22996,190.0,185,4
23141,50.0,30,3
23142,45.0,30,3
23225,190.0,109,11
23226,220.0,109,11
23345,145.0,81,6
23346,115.0,81,6
23347,360.0,204,11
23348,340.0,204,11
24041,50.0,24,3
24042,55.0,24,3
24227,410.0,349,15
24228,450.0,349,15
24369,1240.0,740,38
24370,1200.0,740,38
24887,210.0,157,6
24888,260.0,157,6
25013,150.0,76,3
25014,125.0,76,3
25035,90.0,76,3
25036,115.0,76,3
25201,95.0,58,6
25202,75.0,58,6
25631,190.0,173,4
25632,230.0,172,4
25657,2020.0,1358,37
25658,1975.0,1357,37
28181,295.0,179,14
28182,270.0,179,14
29019,280.0,276,8
29020,295.0,276,8
30111,124.0,45,23
30112,107.0,33,19
30116,51.0,25,14
30121,116.0,51,26
30122,133.0,60,29
30123,99.0,49,25
30128,147.0,66,32
30135,161.0,84,34
30142,193.0,128,42
30145,157.0,102,34
30152,101.0,53,21
30154,95.0,53,21
30211,29.0,9,8
30311,75.0,28,18
30312,92.0,33,21
30313,88.0,33,21
30314,92.0,41,23
30317,109.0,41,23
30321,187.0,85,35
30322,143.0,77,34
30324,184.0,80,36
30331,124.0,55,27
30332,134.0,55,27
30333,122.0,55,27
30342,157.0,87,28
30344,158.0,87,34
30346,165.0,87,34
30351,80.0,37,17
30353,88.0,45,19
30357,89.0,33,15
30358,72.0,33,15
30361,160.0,90,31
30411,80.0,24,11
30412,63.0,24,11
30413,85.0,24,11
30414,61.0,24,11
30416,61.0,24,11
30451,66.0,24,11
30452,90.0,31,16
30511,66.0,30,14
30552,96.0,37,17
30612,143.0,46,24
30711,117.0,67,26
30712,126.0,67,26
31051,125.0,67,26
31053,121.0,67,26
31055,128.0,67,26
31111,214.0,154,39
31112,220.0,154,37
31151,168.0,116,35
31152,180.0,116,35
31191,30.0,15,7
31192,24.0,15,7
31211,40.0,25,9
31212,43.0,25,9
31213,37.0,25,4
31214,40.0,25,5
31215,37.0,25,5
31216,43.0,25,9
31217,41.0,25,9
31218,42.0,25,7
31219,38.0,25,9
31220,45.0,25,9
31221,40.0,25,9
31222,43.0,25,9
31223,38.0,25,9
31224,41.0,25,9
31225,40.0,25,9
31226,40.0,25,9
31227,40.0,25,9
31228,42.0,25,9
31229,40.0,25,9
31230,42.0,25,9
31231,40.0,25,9
31232,38.0,25,9
31233,40.0,25,9
31234,40.0,25,9
31235,40.0,25,9
31236,40.0,25,9
31237,42.0,25,9
31238,40.0,25,9
31239,42.0,25,9
31240,40.0,25,9
31241,39.0,25,9
31261,36.0,20,9
31311,91.0,55,21
31312,88.0,55,21
31313,90.0,55,21
31314,88.0,55,21
31315,88.0,55,21
31316,90.0,55,21
31317,90.0,55,21
31318,90.0,55,21
31319,90.0,55,21
31320,83.0,55,12
31321,92.0,55,21
31322,108.0,55,21
31323,90.0,55,21
31324,89.0,55,21
31325,93.0,55,21
31326,90.0,55,21
31327,92.0,55,21
31328,88.0,55,21
31329,90.0,55,21
31330,90.0,55,21
31331,91.0,55,21
31332,88.0,55,21
31333,90.0,55,21
31334,90.0,55,21
31335,94.0,55,21
31336,91.0,55,21
31337,84.0,55,13
31338,90.0,55,21
31339,93.0,55,21
31411,60.0,40,9
31412,65.0,40,15
31413,64.0,40,15
31414,65.0,40,15
31415,63.0,40,15
31416,66.0,40,15
31417,62.0,40,15
31418,68.0,40,15
31420,63.0,40,15
31421,63.0,40,15
31422,63.0,40,15
31423,63.0,40,15
31424,65.0,40,15
31425,65.0,40,15
31426,65.0,40,15
31427,65.0,40,15
31428,64.0,40,15
31429,65.0,40,15
31430,65.0,40,15
31431,65.0,40,15
31432,62.0,40,15
31433,66.0,40,15
31434,65.0,40,15
31435,65.0,40,15
31436,63.0,40,15
31437,65.0,40,15
31438,64.0,40,15
31439,64.0,40,15
31440,61.0,40,15
31441,63.0,40,15
31442,65.0,40,15
31443,63.0,40,15
31444,65.0,40,15
31445,65.0,40,15
31446,63.0,40,15
31447,65.0,40,15
31448,64.0,40,15
31449,63.0,40,15
31450,65.0,40,15
31451,63.0,40,15
31471,57.0,35,15
31511,140.0,96,29
31512,138.0,96,28
31513,135.0,96,28
31514,139.0,96,29
31515,137.0,96,29
31516,135.0,96,29
31517,138.0,96,29
31518,132.0,96,25
31519,138.0,96,27
31520,135.0,96,28
31521,143.0,96,29
31522,137.0,96,29
31523,140.0,96,27
31524,132.0,96,28
31525,138.0,96,28
31526,140.0,96,29
31527,140.0,96,29
31528,133.0,96,27
31529,141.0,96,29
31530,135.0,96,29
31531,128.0,96,23
31532,135.0,96,29
31533,140.0,96,27
31534,137.0,96,24
31535,140.0,96,27
31536,133.0,96,26
31537,138.0,96,28
31538,140.0,96,28
31539,135.0,96,28
31540,140.0,96,27
31541,135.0,96,28
31542,133.0,96,27
31571,65.0,35,6
31584,38.0,15,2
31585,38.0,15,2
31586,37.0,15,2
31601,108.0,76,24
31602,101.0,76,24
31611,110.0,76,23
31612,105.0,76,24
31613,108.0,76,24
31614,105.0,76,24
31615,110.0,76,24
31616,110.0,76,24
31617,108.0,76,24
31618,100.0,76,11
31619,98.0,76,12
31620,103.0,76,20
31621,112.0,76,24
31622,106.0,76,24
31623,108.0,76,23
31624,106.0,76,24
31625,107.0,76,16
31626,92.0,76,10
31627,110.0,76,24
31628,105.0,76,21
31629,108.0,76,24
31630,108.0,76,23
31631,108.0,76,24
31632,110.0,76,24
31633,108.0,76,24
31634,107.0,76,24
31636,108.0,76,23
31711,42.0,35,10
31712,42.0,35,9
31713,40.0,35,6
31714,40.0,35,6
31721,29.0,26,6
31722,34.0,26,6
31723,33.0,26,6
31724,31.0,26,5
31725,30.0,26,7
31726,33.0,26,7
31741,50.0,43,13
31742,50.0,43,13
31743,47.0,43,10
31744,50.0,43,13
31745,50.0,43,13
31746,53.0,43,13
31747,50.0,43,13
31748,53.0,43,13
31749,54.0,43,13
31750,50.0,43,13
31751,50.0,43,13
31752,50.0,43,13
31753,50.0,43,13
31754,50.0,43,13
31755,50.0,43,13
31756,50.0,43,13
31757,50.0,43,13
31758,49.0,43,13
31765,195.0,154,25
31766,200.0,153,25
31767,195.0,154,29
31768,210.0,153,27
31770,220.0,153,29
31771,195.0,154,28
31772,213.0,153,29
31781,27.0,20,6
31782,27.0,19,6
31783,27.0,20,5
31784,29.0,19,5
31786,28.0,19,5
31801,144.0,102,29
31802,138.0,102,29
31811,148.0,102,29
31812,145.0,102,29
31813,142.0,102,30
31814,132.0,102,22
31815,144.0,102,29
31816,140.0,102,29
31817,147.0,102,30
31818,138.0,102,25
31819,135.0,102,21
31820,140.0,102,29
31821,143.0,102,29
31822,140.0,102,29
31823,141.0,102,28
31824,138.0,102,28
31825,140.0,102,30
31826,130.0,102,20
31827,145.0,102,30
31828,137.0,102,29
31829,140.0,102,23
31830,138.0,102,26
31831,133.0,102,16
31832,146.0,102,28
31833,137.0,102,22
31834,139.0,102,26
31835,142.0,102,29
31836,145.0,102,29
31837,142.0,102,28
31838,143.0,102,30
31839,132.0,102,19
31840,150.0,102,16
31841,127.0,102,9
31842,135.0,102,9
31843,130.0,102,10
31844,118.0,102,10
31861,162.0,128,23
31862,180.0,127,24
31863,160.0,128,21
31864,165.0,127,20
31865,150.0,128,20
31866,162.0,127,21
31911,162.0,119,36
31912,155.0,119,36
31913,168.0,119,36
31914,152.0,119,36
31915,161.0,119,36
31916,160.0,119,30
31917,175.0,119,36
31918,158.0,119,36
31919,161.0,119,36
31920,154.0,119,35
31921,163.0,119,36
31922,175.0,119,36
31923,164.0,119,36
31924,157.0,119,35
31925,157.0,119,35
31926,161.0,119,36
31927,163.0,119,36
31928,157.0,119,31
31929,161.0,119,36
32211,43.0,28,9
32212,45.0,28,9
32213,47.0,28,9
32214,43.0,28,9
32215,43.0,28,9
32216,43.0,28,9
32217,47.0,28,9
32218,44.0,28,9
32219,43.0,28,9
32220,47.0,28,9
32221,43.0,28,9
32222,44.0,28,9
32223,44.0,28,9
32224,45.0,28,9
32225,43.0,28,9
32226,45.0,28,9
32227,42.0,28,9
32228,47.0,28,9
32229,47.0,28,9
32230,45.0,28,9
32231,45.0,28,9
32232,44.0,28,9
32233,45.0,28,9
32234,55.0,28,9
32235,42.0,28,9
32236,43.0,28,9
32237,44.0,28,9
32238,42.0,28,9
32239,40.0,28,9
32240,45.0,28,9
32241,45.0,28,9
32242,45.0,28,9
32243,43.0,28,9
32244,45.0,28,9
32245,45.0,28,9
32246,43.0,28,9
32247,43.0,28,9
32248,48.0,28,9
32249,45.0,28,9
32250,48.0,28,9
32252,43.0,28,9
32411,60.0,39,13
32412,67.0,39,13
32413,70.0,39,13
32414,60.0,39,13
33061,132.0,66,26
33212,17.0,9,3
33231,25.0,15,7
33232,25.0,15,7
33262,28.0,15,9
33271,80.0,50,18
33282,110.0,67,27
33291,28.0,18,7
33311,90.0,52,19
33312,82.0,52,19
33313,85.0,52,19
33314,78.0,52,19
33315,80.0,52,19
33316,84.0,52,19
33317,85.0,52,19
33318,76.0,52,19
33319,82.0,52,19
33320,80.0,52,19
33321,83.0,52,19
33323,79.0,52,19
33325,85.0,52,19
33351,33.0,22,7
33357,13.0,7,3
33361,70.0,54,14
33362,65.0,54,12
33363,65.0,54,12
33364,74.0,54,12
33365,65.0,54,12
33366,70.0,54,12
33367,68.0,54,13
33382,48.0,35,10
33401,45.0,24,11
33402,45.0,25,11
33411,21.0,12,4
33412,22.0,12,4
33421,40.0,20,9
33422,43.0,20,9
33431,47.0,24,11
33432,49.0,25,11
33433,46.0,24,11
33434,47.0,25,11
33435,50.0,24,11
33436,47.0,25,11
33437,48.0,24,11
33438,45.0,25,11
33439,46.0,24,11
33440,45.0,25,11
33441,44.0,24,11
33443,46.0,24,11
33445,44.0,24,11
33447,45.0,24,11
33511,130.0,77,29
33512,147.0,77,29
33513,126.0,77,29
33514,127.0,77,29
33515,135.0,77,29
33516,129.0,77,25
33517,130.0,77,29
33518,130.0,77,26
33519,132.0,77,29
33520,133.0,77,29
33521,123.0,77,29
33522,128.0,77,29
33523,125.0,77,29
33524,125.0,77,24
33525,141.0,77,29
33526,123.0,77,29
33527,136.0,77,25
33528,125.0,77,24
33529,125.0,77,25
33530,138.0,77,29
33531,125.0,77,25
33532,135.0,77,29
33533,131.0,77,29
33534,125.0,77,25
33536,137.0,77,29
33538,129.0,77,24
33611,62.0,32,13
33612,58.0,32,13
33613,60.0,32,13
33614,60.0,32,13
33615,60.0,32,13
33616,60.0,32,13
33617,60.0,32,13
33618,60.0,32,13
33619,61.0,32,13
33620,62.0,32,13
33621,59.0,32,13
33622,55.0,32,11
33623,62.0,32,13
33624,57.0,32,13
33626,60.0,32,13
33628,60.0,32,13
33630,58.0,32,13
33651,78.0,47,17
33652,80.0,47,17
33653,80.0,47,17
33654,80.0,47,17
33655,77.0,47,17
33656,76.0,47,17
33657,78.0,47,17
33658,80.0,47,17
33659,78.0,47,17
33660,77.0,47,17
33664,75.0,47,17
33666,82.0,47,17
33681,97.0,59,20
33682,93.0,60,20
33685,94.0,59,20
33686,94.0,60,20
33687,95.0,59,20
33688,100.0,60,20
33711,43.0,32,8
33712,46.0,32,8
33713,46.0,32,9
33714,45.0,32,9
33715,48.0,32,8
33716,45.0,32,8
33717,41.0,32,8
33718,46.0,32,9
33719,41.0,32,8
33720,45.0,32,8
33721,44.0,32,9
33722,40.0,32,8
33723,45.0,32,8
33724,45.0,32,8
33725,45.0,32,8
33726,42.0,32,9
33727,45.0,32,8
33728,43.0,32,8
33729,46.0,32,9
33730,42.0,32,9
33731,45.0,32,8
33732,42.0,32,8
33733,42.0,32,9
33734,41.0,32,8
33735,46.0,32,9
33736,43.0,32,9
33737,45.0,32,8
33738,43.0,32,8
33739,46.0,32,9
33751,69.0,52,12
33752,72.0,52,12
33801,116.0,79,24
33802,120.0,79,24
33811,107.0,79,17
33812,127.0,79,23
33813,113.0,79,23
33814,112.0,79,21
33815,115.0,79,24
33816,110.0,79,22
33817,109.0,79,21
33818,116.0,79,24
33819,120.0,79,23
33820,110.0,79,22
33821,115.0,79,24
33822,118.0,79,24
33823,115.0,79,24
33824,117.0,79,24
33825,115.0,79,23
33826,118.0,79,24
33827,117.0,79,24
33828,120.0,79,24
33829,113.0,79,24
33830,122.0,79,24
33831,113.0,79,24
33832,148.0,79,23
33833,115.0,79,23
33834,118.0,79,24
33835,115.0,79,24
33836,113.0,79,23
33837,115.0,79,24
33838,113.0,79,24
33839,113.0,79,24
33840,118.0,79,24
33841,115.0,79,24
33842,115.0,79,24
33843,120.0,79,24
33844,120.0,79,23
33845,114.0,79,24
33846,117.0,79,24
33847,115.0,79,23
33848,116.0,79,23
33849,120.0,79,24
33850,117.0,79,24
33851,115.0,79,24
33852,120.0,79,23
33853,113.0,79,24
33854,115.0,79,22
33855,115.0,79,23
33856,115.0,79,17
33857,113.0,79,23
33858,110.0,79,23
33859,112.0,79,22
33860,117.0,79,24
33861,115.0,79,23
33863,120.0,79,24
33895,90.0,65,15
33896,95.0,65,15
34052,120.0,67,26
34054,124.0,67,26
34056,153.0,82,32
34062,207.0,120,41
34111,50.0,30,11
34112,50.0,30,11
34113,57.0,30,11
34114,54.0,30,11
34115,55.0,30,11
34116,53.0,30,11
34117,57.0,30,11
34118,53.0,30,11
34119,55.0,30,11
34120,55.0,30,11
34121,53.0,30,11
34122,48.0,30,11
34123,55.0,30,11
34124,51.0,30,11
34125,52.0,30,11
34126,53.0,30,11
34127,55.0,30,11
34128,55.0,30,11
34129,57.0,30,11
34130,54.0,30,11
34131,64.0,30,11
34132,55.0,30,11
34133,54.0,30,11
34134,53.0,30,11
34135,55.0,30,11
34136,53.0,30,11
34137,50.0,30,11
34138,52.0,30,11
34139,52.0,30,11
34140,55.0,30,11
34141,54.0,30,11
34142,52.0,30,11
34143,53.0,30,11
34144,51.0,30,11
34145,49.0,30,11
34146,54.0,30,11
34147,50.0,30,11
34148,52.0,30,11
34149,51.0,30,11
34150,56.0,30,11
34151,55.0,30,11
34152,55.0,30,11
34153,54.0,30,11
34154,55.0,30,11
34155,52.0,30,11
34156,55.0,30,11
34157,54.0,30,11
34158,52.0,30,11
34159,55.0,30,11
34160,55.0,30,11
34161,48.0,30,11
34162,53.0,30,11
34163,52.0,30,11
34164,53.0,30,11
34165,48.0,30,11
34166,48.0,30,11
34311,15.0,8,4
34312,15.0,8,4
34313,15.0,8,4
34331,52.0,36,13
34332,55.0,36,13
34334,55.0,36,13
34351,46.0,29,10
34352,42.0,28,10
34353,43.0,29,9
34354,42.0,29,9
34355,37.0,29,7
34356,41.0,29,9
34358,40.0,29,9
34360,42.0,28,10
34411,32.0,16,8
34412,28.0,16,8
34413,34.0,16,8
34414,32.0,16,8
34415,33.0,16,8
34416,32.0,16,8
34417,32.0,16,8
34418,31.0,16,8
34419,33.0,16,8
34420,32.0,16,8
34421,32.0,16,8
34422,32.0,16,8
34423,32.0,16,8
34424,32.0,16,8
34425,33.0,16,8
34426,29.0,16,8
34427,35.0,16,8
34428,31.0,16,8
34429,33.0,16,8
34430,33.0,16,8
34431,33.0,16,8
34432,29.0,16,8
34434,30.0,16,8
34436,30.0,16,9
34501,75.0,45,17
34502,75.0,45,17
34511,80.0,45,17
34512,72.0,45,16
34513,75.0,45,17
34514,74.0,45,17
34515,78.0,45,17
34516,74.0,45,16
34517,77.0,45,17
34518,76.0,45,17
34519,80.0,45,17
34520,75.0,45,17
34521,74.0,45,17
34522,76.0,45,17
34523,75.0,45,17
34524,75.0,45,17
34525,74.0,45,17
34526,75.0,45,17
34527,75.0,45,17
34528,75.0,45,17
34529,75.0,45,17
34530,73.0,45,17
34531,78.0,45,17
34532,76.0,45,17
34533,90.0,45,17
34534,77.0,45,17
34535,77.0,45,17
34536,75.0,45,17
34537,72.0,45,16
34538,75.0,45,17
34539,77.0,45,17
34540,75.0,45,17
34541,76.0,45,17
34542,74.0,45,17
34543,77.0,45,17
34544,74.0,45,16
34545,77.0,45,17
34546,75.0,45,17
34547,77.0,45,17
34548,74.0,45,17
34549,74.0,45,17
34550,81.0,45,17
34551,75.0,45,16
34552,74.0,45,17
34553,75.0,45,17
34554,72.0,45,17
34555,75.0,45,15
34557,76.0,45,17
34601,45.0,24,11
34602,42.0,24,11
34611,47.0,24,11
34612,42.0,24,11
34613,47.0,24,11
34614,42.0,24,11
34615,47.0,24,11
34616,45.0,24,11
34617,47.0,24,11
34618,42.0,24,11
34619,46.0,24,11
34620,44.0,24,11
34621,45.0,24,11
34622,45.0,24,11
34623,46.0,24,11
34624,45.0,24,11
34625,48.0,24,11
34626,42.0,24,10
34627,47.0,24,11
34628,44.0,24,11
34629,47.0,24,11
34630,45.0,24,11
34631,47.0,24,11
34632,44.0,24,11
34633,47.0,24,11
34634,45.0,24,11
34635,47.0,24,11
34636,45.0,24,11
34637,47.0,24,11
34638,44.0,24,11
34639,47.0,24,11
34640,44.0,24,11
34641,46.0,24,11
34642,45.0,24,11
34643,48.0,24,11
34644,44.0,24,11
34645,45.0,24,11
34646,45.0,24,11
34647,47.0,24,11
34648,45.0,24,11
34711,110.0,61,19
34712,96.0,61,19
34713,105.0,61,21
34714,100.0,61,20
34715,103.0,61,23
34716,100.0,61,21
34717,96.0,61,21
34718,98.0,61,21
34719,99.0,61,22
34720,102.0,61,23
34721,100.0,61,23
34722,102.0,61,23
34723,102.0,61,23
34724,102.0,61,23
34725,102.0,61,22
34726,100.0,61,23
34727,102.0,61,23
34728,100.0,61,21
34729,97.0,61,23
34730,100.0,61,23
34731,105.0,61,23
34732,100.0,61,23
34733,110.0,61,22
34734,102.0,61,23
34735,100.0,61,21
34736,104.0,61,23
34737,99.0,61,23
34738,102.0,61,23
34739,98.0,61,21
34740,102.0,61,23
34741,101.0,61,23
34742,103.0,61,23
34743,105.0,61,23
34744,99.0,61,23
34745,99.0,61,23
34746,100.0,61,23
34747,99.0,61,21
34748,100.0,61,21
34749,99.0,61,23
34750,100.0,61,21
34751,103.0,61,21
34752,100.0,61,21
34753,100.0,61,21
34754,98.0,61,21
34755,105.0,61,21
34757,102.0,61,21
34782,146.0,94,29
34791,162.0,108,23
34792,162.0,108,30
34793,165.0,108,30
34794,165.0,108,21
34811,105.0,59,19
34812,86.0,59,15
34813,95.0,59,24
34814,95.0,59,24
34815,94.0,59,22
34816,95.0,59,22
34817,98.0,59,24
34818,100.0,59,24
34819,104.0,59,24
34820,100.0,59,24
34821,98.0,59,24
34822,95.0,59,17
34823,103.0,59,24
34824,100.0,59,24
34825,100.0,59,24
34826,98.0,59,24
34827,97.0,59,24
34828,98.0,59,24
34829,91.0,59,17
34830,99.0,59,24
34831,97.0,59,24
34832,98.0,59,22
34833,98.0,59,22
34834,100.0,59,24
34835,103.0,59,24
34836,99.0,59,24
34837,98.0,59,24
34838,100.0,59,24
34839,120.0,59,24
34840,100.0,59,24
34841,100.0,59,24
34842,97.0,59,24
34843,98.0,59,24
34844,98.0,59,24
34845,100.0,59,24
34846,98.0,59,24
34847,98.0,59,24
34848,95.0,59,24
34849,98.0,59,22
34850,98.0,59,22
34851,97.0,59,23
34852,100.0,59,24
34853,100.0,59,24
34854,97.0,59,24
34855,99.0,59,22
34856,95.0,59,23
34857,95.0,59,21
34858,90.0,59,20
34859,98.0,59,24
34860,100.0,59,24
34881,65.0,43,17
34882,65.0,43,17
34891,52.0,34,14
34892,53.0,34,14
34898,65.0,39,16
34899,70.0,39,16
34911,65.0,46,8
34912,57.0,46,8
34913,60.0,46,8
34914,65.0,46,8
34915,65.0,46,8
34916,62.0,46,8
34917,56.0,46,8
34918,59.0,46,8
34919,58.0,46,8
34920,58.0,46,8
34921,62.0,46,8
34922,58.0,46,8
34923,60.0,46,8
34924,60.0,46,8
34925,60.0,46,8
34926,62.0,46,8
34927,58.0,46,8
34928,62.0,46,8
34929,62.0,46,8
34930,59.0,46,8
34931,62.0,46,8
34932,61.0,46,8
34933,61.0,46,8
34934,60.0,46,8
34981,46.0,33,7
35011,35.0,26,9
35012,35.0,26,9
35013,35.0,26,9
35014,35.0,26,9
35015,35.0,26,9
35016,35.0,26,9
35017,70.0,46,15
35018,70.0,46,15
35019,35.0,26,9
35020,35.0,26,9
35021,35.0,26,9
35022,35.0,26,9
36011,40.0,26,9
36012,41.0,26,9
36031,59.0,40,14
36032,68.0,40,14
36033,58.0,40,14
36034,65.0,40,14
36035,62.0,40,14
36036,60.0,40,14
36037,59.0,40,14
36038,62.0,40,14
36071,85.0,58,18
36072,85.0,58,18
36081,116.0,72,22
36082,99.0,72,24
36083,105.0,72,24
36084,108.0,72,24
36085,105.0,72,24
36086,100.0,72,24
36087,107.0,72,24
36088,96.0,72,22
36811,125.0,94,29
36812,150.0,94,25
36813,125.0,94,27
36814,135.0,94,29
36815,128.0,94,30
36816,128.0,94,28
36817,128.0,94,28
36818,125.0,94,27
36819,135.0,94,29
36820,125.0,94,29
36821,140.0,94,29
36822,129.0,94,29
36823,125.0,94,29
36824,123.0,94,28
36825,136.0,94,26
36826,122.0,94,29
36827,130.0,94,29
36828,125.0,94,29
36829,133.0,94,29
36830,90.0,94,2
36831,125.0,94,30
36832,122.0,94,29
36833,125.0,94,29
36834,125.0,94,28
36835,88.0,94,8
36836,125.0,94,29
36837,127.0,94,29
36838,150.0,94,29
36839,130.0,94,29
36840,135.0,94,29
36841,130.0,94,29
36842,120.0,94,28
36843,134.0,94,28
36844,125.0,94,30
36845,133.0,94,28
36846,125.0,94,30
36847,134.0,94,29
36848,125.0,94,29
36849,132.0,94,29
36850,122.0,94,29
36851,141.0,94,26
36852,140.0,94,29
36853,130.0,94,30
36854,125.0,94,29
36855,130.0,94,29
36856,125.0,94,29
36858,122.0,94,29
36860,123.0,94,30
37011,31.0,19,9
37012,35.0,19,9
37013,33.0,19,9
37014,36.0,19,9
37017,32.0,19,9
37018,38.0,19,9
37019,32.0,19,9
37020,35.0,19,9
37021,34.0,19,9
37022,36.0,19,9
37041,38.0,22,10
37042,40.0,22,10
37043,38.0,22,10
37044,39.0,22,10
37045,40.0,22,10
37046,40.0,22,10
37047,38.0,22,10
37048,41.0,22,10
37049,37.0,22,10
37050,38.0,22,10
37053,37.0,22,10
37054,42.0,22,10
37055,35.0,22,10
37056,50.0,22,10
37057,38.0,22,10
37058,43.0,22,10
37060,44.0,22,10
37061,37.0,22,10
37062,42.0,22,10
37063,42.0,22,10
37064,42.0,22,10
37065,38.0,22,10
37066,43.0,22,10
37067,38.0,22,10
37068,40.0,22,10
37111,25.0,6,2
37112,25.0,6,3
37113,25.0,6,2
37114,27.0,6,3
37115,22.0,6,2
37116,25.0,6,3
37117,25.0,6,2
37118,25.0,6,3
37119,26.0,6,2
37120,25.0,6,3
37121,30.0,6,2
37122,25.0,6,3
37201,60.0,39,17
37202,63.0,39,17
37211,58.0,39,17
37212,61.0,39,17
37213,59.0,39,17
37214,60.0,39,17
37215,61.0,39,17
37216,65.0,39,17
37217,60.0,39,17
37218,62.0,39,17
37219,65.0,39,17
37220,65.0,39,17
37221,60.0,39,17
37222,65.0,39,17
37223,60.0,39,17
37224,64.0,39,17
37225,60.0,39,17
37226,63.0,39,17
37227,60.0,39,17
37228,60.0,39,17
37229,60.0,39,17
37230,62.0,39,17
37231,60.0,39,17
37232,63.0,39,17
37233,58.0,39,17
37234,61.0,39,17
37235,59.0,39,17
37236,62.0,39,17
37237,60.0,39,17
37238,62.0,39,17
37239,63.0,39,17
37240,65.0,39,17
37241,60.0,39,17
37242,63.0,39,17
37243,60.0,39,17
37244,65.0,39,17
37245,60.0,39,17
37246,77.0,39,17
37247,58.0,39,17
37248,65.0,39,17
37249,59.0,39,17
37250,60.0,39,17
37251,57.0,39,17
37252,64.0,39,17
37253,60.0,39,17
37254,67.0,39,17
37255,65.0,39,17
37256,60.0,39,17
37257,60.0,39,17
37258,63.0,39,17
37259,64.0,39,17
37260,63.0,39,17
37261,60.0,39,17
37262,62.0,39,17
37263,61.0,39,17
37264,62.0,39,17
37265,59.0,39,17
37266,60.0,39,17
37267,60.0,39,17
37268,60.0,39,17
37269,60.0,39,17
37270,65.0,39,17
37271,58.0,39,17
37272,62.0,39,17
37273,60.0,39,17
37274,65.0,39,17
37275,60.0,39,17
37276,66.0,39,17
37277,59.0,39,17
37278,63.0,39,17
37279,60.0,39,17
37280,62.0,39,17
37281,60.0,39,17
37282,60.0,39,17
37283,60.0,39,17
37284,65.0,39,17
37285,60.0,39,17
37286,62.0,39,17
37287,58.0,39,17
37288,63.0,39,17
37289,65.0,39,17
37290,60.0,39,17
37291,60.0,39,17
37303,58.0,33,13
37304,57.0,33,13
37305,62.0,33,13
37306,65.0,33,13
37307,70.0,44,17
37308,78.0,44,17
37311,90.0,57,21
37312,90.0,57,21
37313,93.0,57,21
37314,90.0,57,21
37315,90.0,57,21
37316,90.0,57,21
37317,87.0,57,21
37318,95.0,57,21
37319,88.0,57,21
37320,95.0,57,20
37321,90.0,57,21
37322,89.0,57,18
37323,89.0,57,21
37324,90.0,57,21
37325,90.0,57,21
37326,93.0,57,21
37327,85.0,57,21
37328,92.0,57,21
37329,90.0,57,21
37330,95.0,57,21
37331,95.0,57,21
37332,92.0,57,21
37333,90.0,57,21
37334,95.0,57,21
37335,93.0,57,21
37336,92.0,57,21
37337,90.0,57,21
37338,90.0,57,21
37339,93.0,57,21
37340,85.0,57,21
37341,90.0,57,21
37342,95.0,57,21
37343,90.0,57,21
37344,95.0,57,21
37345,85.0,57,21
37346,88.0,57,21
37347,87.0,57,21
37348,92.0,57,21
37349,89.0,57,21
37350,100.0,57,21
37351,90.0,57,21
37352,90.0,57,21
37354,90.0,57,21
37361,150.0,81,23
37362,135.0,81,23
37363,125.0,81,23
37364,140.0,81,23
37365,145.0,81,23
37366,132.0,81,23
37367,125.0,81,23
37368,127.0,81,23
37371,140.0,81,23
37372,137.0,81,22
37373,139.0,81,23
37374,125.0,81,23
37375,129.0,81,23
37376,128.0,81,23
37378,138.0,81,23
37379,137.0,81,23
37385,40.0,24,3
37386,40.0,24,3
37387,36.0,24,5
37388,40.0,24,5
37389,34.0,24,3
37390,35.0,24,3
37391,40.0,24,5
37392,38.0,24,3
37394,40.0,24,5
37411,50.0,34,12
37412,50.0,34,12
37413,48.0,34,12
37414,48.0,34,12
37511,47.0,30,14
37512,45.0,30,14
37521,20.0,8,4
37522,20.0,8,4
37523,19.0,8,4
37524,18.0,8,4
37525,20.0,8,4
37526,19.0,8,4
37527,19.0,8,4
37528,21.0,8,4
37529,19.0,8,4
37530,20.0,8,4
37531,20.0,8,4
37532,20.0,8,4
37533,20.0,8,4
37534,20.0,8,4
37535,20.0,8,4
37536,20.0,8,4
37537,20.0,8,4
37538,22.0,8,4
37539,20.0,8,4
37540,19.0,8,4
37541,20.0,8,4
37542,20.0,8,4
37543,20.0,8,4
37544,19.0,8,4
37545,19.0,8,4
37546,20.0,8,4
37547,20.0,8,4
37548,22.0,8,4
37549,18.0,8,4
37550,20.0,8,4
37551,20.0,8,4
37552,22.0,8,4
37553,18.0,8,4
37554,22.0,8,4
37555,20.0,8,4
37556,20.0,8,4
37557,22.0,8,4
37558,19.0,8,4
37611,88.0,60,20
37612,80.0,60,15
37614,98.0,60,20
37651,105.0,81,18
37652,125.0,81,18
37653,111.0,81,28
37654,115.0,81,28
37655,112.0,81,28
37656,117.0,81,28
37657,107.0,81,28
37658,115.0,81,28
37711,25.0,21,6
37731,45.0,42,12
37732,50.0,42,12
37741,150.0,104,27
37742,130.0,104,25
37743,130.0,104,24
37744,135.0,104,28
37745,130.0,104,26
37746,150.0,104,27
37747,135.0,104,27
37748,135.0,104,28
37750,125.0,104,28
37751,150.0,104,28
37752,135.0,104,28
37753,135.0,104,28
37754,130.0,104,25
37756,135.0,104,28
37757,130.0,104,24
37758,127.0,104,25
37781,77.0,67,18
37782,75.0,67,18
37783,77.0,67,18
37784,80.0,67,18
37785,80.0,67,18
37786,75.0,67,18
37811,140.0,106,34
37812,142.0,106,32
37813,140.0,106,34
37814,150.0,106,34
37815,130.0,106,27
37816,143.0,106,34
37817,147.0,106,34
37818,146.0,106,34
37819,147.0,106,34
37820,137.0,106,34
37821,139.0,106,34
37822,115.0,106,3
37823,145.0,106,34
37824,137.0,106,28
37825,145.0,106,34
37826,132.0,106,22
37827,145.0,106,34
37828,136.0,106,27
37829,140.0,106,34
37830,139.0,106,27
37831,138.0,106,30
37832,155.0,106,34
37833,145.0,106,33
37834,148.0,106,34
37835,145.0,106,21
37836,141.0,106,34
37837,140.0,106,27
37838,145.0,106,34
37839,135.0,106,29
37840,140.0,106,34
37841,126.0,106,22
37842,152.0,106,34
37843,115.0,106,3
37844,143.0,106,22
37845,140.0,106,30
37846,145.0,106,33
37847,135.0,106,27
37848,140.0,106,34
37849,120.0,106,11
37850,138.0,106,34
37851,138.0,106,34
37852,140.0,106,34
37853,147.0,106,30
37854,152.0,106,34
37855,143.0,106,34
37857,140.0,106,34
37911,192.0,143,44
37912,195.0,144,41
37913,190.0,143,44
37914,183.0,144,29
37915,195.0,144,30
37916,185.0,144,31
37917,195.0,143,44
37918,200.0,144,44
37919,190.0,144,33
37920,190.0,144,30
37921,193.0,143,39
37922,225.0,144,44
37923,185.0,144,31
37924,203.0,144,30
37925,185.0,144,29
37926,198.0,144,44
37927,195.0,143,41
37928,202.0,144,40
38031,15.0,5,3
38032,13.0,5,3
38033,15.0,5,3
38034,15.0,5,3
38036,20.0,5,3
38051,220.0,140,38
38052,195.0,139,26
38053,190.0,136,21
38054,95.0,68,14
38055,100.0,68,14
38056,192.0,137,20
38057,218.0,140,34
38058,210.0,139,26
38101,40.0,24,9
38102,45.0,24,9
38103,61.0,32,13
38104,61.0,32,13
38105,68.0,32,14
38106,63.0,32,13
38107,42.0,24,9
38108,76.0,32,13
38202,72.0,45,16
38204,77.0,45,16
38206,55.0,37,12
38301,75.0,50,17
38302,90.0,58,20
38303,97.0,58,21
38304,90.0,58,20
38305,100.0,56,18
38306,90.0,58,20
38307,92.0,58,20
38308,90.0,58,20
38310,87.0,55,18
38312,95.0,58,20
38314,98.0,58,20
38316,80.0,50,16
38318,93.0,58,20
38321,105.0,58,20
38401,108.0,71,25
38402,107.0,70,24
38403,108.0,71,25
38404,108.0,70,24
38405,107.0,71,25
38406,109.0,70,24
38407,90.0,63,21
38408,108.0,70,24
38409,120.0,71,25
38410,107.0,70,24
38411,119.0,71,24
38412,107.0,70,24
38413,110.0,71,25
38414,115.0,70,24
38416,105.0,70,24
38419,120.0,71,25
38421,113.0,71,24
38423,107.0,71,24
38425,110.0,71,24
38427,105.0,71,23
38431,110.0,71,24
38433,110.0,71,23
38437,108.0,71,24
38447,110.0,71,24
38449,110.0,71,24
38451,120.0,71,24
38452,117.0,70,24
38453,110.0,71,24
38454,112.0,70,24
38455,110.0,71,24
38456,113.0,70,24
38501,137.0,90,29
38502,145.0,91,29
38601,95.0,54,20
38602,93.0,54,19
38701,130.0,115,17
38702,155.0,115,33
38703,155.0,115,34
38704,162.0,115,33
38705,153.0,115,33
38706,155.0,115,32
38707,170.0,115,34
38708,155.0,115,33
38709,150.0,107,29
38710,155.0,115,33
38711,173.0,115,32
38713,165.0,115,33
38719,172.0,115,33
38726,182.0,115,33
38728,182.0,115,31
38730,165.0,115,27
38801,175.0,128,30
38802,187.0,128,36
38803,185.0,128,36
38804,188.0,128,34
38805,195.0,128,37
38806,170.0,128,14
38807,200.0,128,37
38808,180.0,128,26
38809,205.0,128,37
38810,195.0,128,36
38811,190.0,128,37
38812,202.0,128,36
38813,188.0,128,36
38814,207.0,128,36
38815,195.0,128,34
38816,213.0,128,33
38817,195.0,128,33
38818,198.0,128,36
38819,213.0,128,35
38820,202.0,128,36
38821,165.0,128,19
38822,198.0,128,33
38823,180.0,128,24
38824,205.0,128,29
38825,165.0,129,13
38826,212.0,128,36
38827,175.0,128,24
38828,197.0,128,36
38829,177.0,128,26
38830,193.0,128,36
38831,195.0,128,34
38832,30.0,12,4
38902,75.0,44,17
38905,100.0,51,21
38908,95.0,49,21
38909,100.0,51,21
38923,96.0,51,21
38924,93.0,49,21
40001,55.0,29,18
40002,55.0,29,18
40003,55.0,29,18
40004,55.0,29,18
40005,55.0,29,6
40006,55.0,29,18
40007,55.0,29,18
40008,55.0,29,18
40009,55.0,29,18
40010,55.0,29,18
40011,55.0,29,18
40012,55.0,29,18
40013,55.0,29,18
40014,55.0,29,18
40015,55.0,29,18
40016,55.0,29,18
40017,55.0,29,18
40018,55.0,29,18
40019,40.0,23,15
40020,55.0,29,18
40021,26.0,17,3
40022,55.0,29,18
40023,55.0,29,18
40025,55.0,29,18
40026,55.0,29,18
40027,55.0,29,18
40028,55.0,29,18
40029,55.0,29,18
40030,55.0,29,18
40031,55.0,29,18
40032,55.0,29,18
40033,55.0,29,18
40034,55.0,29,18
40035,55.0,29,18
40036,55.0,29,18
40037,55.0,29,18
40038,55.0,29,18
40039,55.0,29,18
40040,55.0,29,18
40041,55.0,29,18
40042,35.0,17,2
40043,55.0,29,18
40044,44.0,23,2
40045,55.0,29,18
40046,55.0,29,18
40047,55.0,29,18
40048,55.0,29,18
40049,55.0,29,18
40050,55.0,29,18
40051,55.0,29,18
40052,55.0,29,2
40053,55.0,29,18
40054,55.0,29,18
40055,55.0,29,18
40056,55.0,29,18
40057,55.0,29,18
40058,55.0,29,18
40059,55.0,29,18
40060,55.0,29,18
40061,55.0,29,18
40062,55.0,29,18
40063,55.0,29,18
40064,55.0,29,18
40065,55.0,29,18
40066,55.0,29,18
40067,55.0,29,18
40068,55.0,29,18
40069,55.0,29,18
40070,55.0,29,18
40071,55.0,29,18
40072,55.0,29,18
40073,55.0,29,18
40074,55.0,29,2
40075,55.0,29,18
40076,55.0,29,2
40077,55.0,29,18
40078,55.0,29,2
40079,55.0,29,18
40080,55.0,29,2
40081,55.0,29,18
40082,55.0,29,2
40083,55.0,29,18
40084,55.0,29,2
40085,55.0,29,18
40086,55.0,29,2
40087,55.0,29,18
40088,55.0,29,2
40089,55.0,29,18
40090,55.0,29,2
40091,55.0,29,18
40092,55.0,29,2
40093,55.0,29,18
40094,55.0,29,2
40095,55.0,29,18
40096,55.0,29,2
40097,55.0,29,18
40098,55.0,29,2
40099,55.0,29,18
40100,55.0,29,2
40101,55.0,29,18
40102,55.0,29,2
40103,55.0,29,18
40104,55.0,29,2
40105,55.0,29,18
40106,55.0,29,2
40107,55.0,29,18
40108,55.0,29,2
40109,55.0,29,18
40110,55.0,29,2
40111,55.0,29,18
40112,55.0,29,2
40113,55.0,29,18
40114,55.0,29,2
40115,55.0,29,18
40116,55.0,29,2
40117,55.0,29,18
40118,55.0,29,2
40119,55.0,29,18
40120,55.0,29,2
40121,55.0,29,18
40122,55.0,29,2
40123,55.0,29,18
40124,55.0,29,2
40125,55.0,29,18
40126,55.0,29,2
40127,55.0,29,18
40128,55.0,29,2
40129,55.0,29,18
40130,55.0,29,2
40131,55.0,29,18
40132,55.0,29,2
40133,55.0,29,18
40134,55.0,29,2
40135,55.0,29,18
40136,55.0,29,2
40137,55.0,29,18
40138,55.0,29,6
40139,55.0,29,18
40140,55.0,29,6
40141,55.0,29,18
40142,55.0,29,6
40143,55.0,29,18
40144,55.0,29,2
40145,55.0,29,18
40146,55.0,29,2
40147,55.0,29,18
40148,55.0,29,2
40150,55.0,29,2
40151,55.0,29,18
40152,55.0,29,6
40153,55.0,29,18
40154,55.0,29,2
40155,55.0,29,18
40156,55.0,29,2
40157,55.0,29,18
40158,55.0,29,2
40301,55.0,29,18
40302,55.0,29,2
40303,55.0,29,18
40304,55.0,29,2
40305,55.0,29,18
40306,55.0,29,2
40307,55.0,29,18
40308,55.0,29,2
40309,55.0,29,18
40310,55.0,29,2
40311,55.0,29,18
40312,55.0,29,6
40313,55.0,29,18
40314,55.0,29,2
40315,55.0,29,18
40316,55.0,29,2
40317,55.0,29,18
40318,55.0,29,2
40319,55.0,29,18
40320,55.0,29,2
40321,55.0,29,18
40322,55.0,29,2
40323,55.0,29,18
40324,55.0,29,6
40325,55.0,29,18
40326,55.0,29,2
40327,55.0,29,18
40328,55.0,29,2
40329,55.0,29,18
40330,55.0,29,2
40331,55.0,29,18
40332,55.0,29,2
40333,55.0,29,18
40334,55.0,29,2
40335,55.0,29,18
40336,55.0,29,2
40337,55.0,29,18
40338,55.0,29,2
40339,55.0,29,18
40340,55.0,29,2
40341,55.0,29,18
40342,55.0,29,2
40343,55.0,29,18
40344,55.0,29,6
40345,55.0,29,18
40346,55.0,29,2
40347,55.0,29,18
40348,55.0,29,2
40349,55.0,29,18
40350,55.0,29,2
40351,55.0,29,18
40352,55.0,29,2
40353,55.0,29,18
40354,55.0,29,2
40355,55.0,29,18
40356,55.0,29,2
40357,55.0,29,18
40358,55.0,29,2
40359,55.0,29,18
40360,55.0,29,2
40361,55.0,29,18
40362,55.0,29,2
40363,55.0,29,18
40364,55.0,29,2
40365,55.0,29,18
40366,55.0,29,2
40367,55.0,29,18
40368,55.0,29,2
40369,55.0,29,18
40370,55.0,29,2
40371,55.0,29,18
40372,55.0,29,6
40373,55.0,29,18
40374,55.0,29,2
40375,55.0,29,18
40376,55.0,29,2
40377,55.0,29,18
40378,55.0,29,2
40379,55.0,29,18
40380,55.0,29,2
40381,55.0,29,18
40382,55.0,29,2
40383,55.0,29,18
40384,55.0,29,2
40385,55.0,29,18
40386,55.0,29,2
40387,55.0,29,18
40388,55.0,29,2
40389,55.0,29,18
40390,55.0,29,2
40391,55.0,29,18
40392,55.0,29,2
40393,55.0,29,18
40394,55.0,29,2
40395,55.0,29,18
40396,55.0,29,2
40397,55.0,29,18
40398,55.0,29,2
40399,55.0,29,18
40400,55.0,29,2
40401,55.0,29,18
40402,55.0,29,2
40403,55.0,29,18
40404,55.0,29,2
40405,55.0,29,18
40406,55.0,29,2
40407,55.0,29,18
40408,55.0,29,2
40409,55.0,29,18
40410,55.0,29,2
40411,55.0,29,18
40412,55.0,29,2
40413,55.0,29,18
40414,55.0,29,2
40415,55.0,29,18
40416,55.0,29,2
40417,55.0,29,18
40418,55.0,29,6
40419,55.0,29,18
40420,55.0,29,2
40421,55.0,29,18
40422,55.0,29,2
40501,100.0,59,2
40502,115.0,59,2
40503,105.0,59,2
40504,110.0,59,6
40505,105.0,59,2
40506,105.0,59,3
40507,105.0,59,2
40508,115.0,59,3
40509,100.0,59,3
40510,110.0,59,2
40511,100.0,59,2
40512,107.0,59,3
40513,105.0,59,2
40514,92.0,59,3
40515,100.0,59,2
40516,92.0,59,2
40517,100.0,59,2
40518,90.0,59,3
40519,102.0,59,3
40520,102.0,59,2
40522,90.0,59,2
40523,104.0,59,2
40524,100.0,59,3
40525,107.0,59,3
40526,90.0,59,3
40527,106.0,59,2
40528,110.0,59,2
40529,103.0,59,3
40531,100.0,59,3
40532,108.0,59,11
40533,100.0,59,3
40534,100.0,59,7
40535,111.0,59,2
40536,100.0,59,2
40538,102.0,59,2
40539,103.0,59,3
40540,100.0,59,2
40541,107.0,59,2
40542,105.0,59,2
40543,103.0,59,3
40544,100.0,59,2
40545,105.0,59,3
40547,100.0,59,3
40548,102.0,59,2
40549,113.0,59,3
40550,105.0,59,3
40551,115.0,59,11
40552,101.0,59,2
40553,110.0,59,7
40554,100.0,59,2
40555,107.0,59,3
40556,105.0,59,3
40557,103.0,59,2
40558,110.0,59,9
40559,97.0,59,3
40560,106.0,59,11
40561,110.0,59,3
40562,100.0,59,3
40563,118.0,59,2
40564,112.0,59,2
40565,104.0,59,3
40566,100.0,59,2
40567,108.0,59,3
40568,115.0,59,10
40569,100.0,59,7
40570,110.0,59,3
40571,100.0,59,3
40572,105.0,59,2
40573,120.0,59,3
40574,100.0,59,3
40601,100.0,59,11
40602,115.0,59,3
40603,105.0,59,11
40604,110.0,59,11
40605,105.0,59,11
40606,105.0,59,11
40607,105.0,59,2
40608,115.0,59,3
40609,100.0,59,3
40610,110.0,59,11
40612,120.0,59,9
40613,105.0,59,2
40614,115.0,59,2
40615,100.0,59,11
40616,115.0,59,2
40617,112.0,59,2
40618,100.0,59,11
40619,100.0,59,2
40621,110.0,59,2
40622,100.0,59,2
40623,105.0,59,2
40624,100.0,59,2
40625,105.0,59,3
40626,105.0,59,2
40627,100.0,59,2
40628,105.0,59,11
40629,100.0,59,2
40630,105.0,59,11
40631,105.0,59,11
40632,100.0,59,2
40633,105.0,59,2
40634,100.0,59,2
40635,105.0,59,2
40636,110.0,59,4
40637,105.0,59,10
40638,100.0,59,2
40639,100.0,59,2
40640,100.0,59,11
40641,105.0,59,2
40642,105.0,59,2
40643,115.0,59,11
40644,110.0,59,3
40645,110.0,59,11
40646,105.0,59,2
40647,105.0,59,11
40648,95.0,59,2
40649,110.0,59,3
40650,110.0,59,3
40651,105.0,59,2
40652,105.0,59,2
40653,100.0,59,2
40654,100.0,59,2
40655,110.0,59,11
40656,110.0,59,3
40657,100.0,59,2
40658,105.0,59,2
40659,108.0,59,2
40660,115.0,59,11
40661,105.0,59,2
40662,105.0,59,3
40663,100.0,59,2
40664,100.0,59,2
40665,115.0,59,11
40666,100.0,59,2
40701,180.0,108,3
40702,177.0,108,4
40704,145.0,108,4
40705,180.0,108,15
40706,148.0,108,10
40707,147.0,108,8
40708,172.0,108,8
40709,186.0,108,5
40711,165.0,108,7
40712,184.0,108,12
40751,180.0,108,4
40752,175.0,108,6
40754,170.0,108,5
40755,185.0,108,15
40756,155.0,108,8
40757,160.0,108,14
40758,170.0,108,4
40759,185.0,108,3
40761,165.0,108,2
40762,178.0,108,4
40801,155.0,95,3
40802,161.0,95,6
40803,155.0,95,6
40804,165.0,95,14
40901,90.0,48,10
40902,60.0,48,10
41001,45.0,14,3
41003,45.0,14,3
41006,45.0,14,3
41008,45.0,14,3
41009,45.0,14,3
41012,45.0,14,3
41013,45.0,14,3
41014,45.0,14,3
41015,45.0,14,3
41016,45.0,14,3
41017,45.0,14,3
41020,45.0,14,3
41021,45.0,14,3
41022,45.0,14,3
41023,45.0,14,3
41024,45.0,14,3
41028,45.0,14,3
41029,45.0,14,3
41033,45.0,14,3
41035,45.0,14,3
41036,45.0,14,3
41038,45.0,14,3
41040,45.0,14,3
41042,45.0,14,3
41043,45.0,14,3
41046,45.0,14,3
41048,45.0,14,3
41050,45.0,14,3
41051,45.0,14,3
41055,45.0,14,3
41056,45.0,14,3
41057,45.0,14,3
41060,45.0,14,3
41061,45.0,14,3
41063,45.0,14,3
41064,45.0,14,3
41065,45.0,14,3
41069,45.0,14,3
41070,45.0,14,3
41073,45.0,14,3
41076,45.0,14,3
41077,45.0,14,3
41078,45.0,14,3
41079,45.0,14,3
41080,45.0,14,3
41081,45.0,14,3
41082,45.0,14,3
41084,45.0,14,3
41085,45.0,14,3
41086,45.0,14,2
41089,45.0,14,3
41091,45.0,14,3
41092,45.0,14,3
41093,50.0,14,3
41095,45.0,14,3
41096,45.0,14,3
41097,45.0,14,3
41102,45.0,14,3
41103,45.0,14,3
41104,45.0,14,3
41105,45.0,14,3
41108,45.0,14,3
41110,45.0,14,3
41111,45.0,14,3
41113,45.0,14,3
41116,45.0,14,3
41117,45.0,14,3
41119,45.0,14,3
41120,45.0,14,3
41122,45.0,14,3
41127,45.0,14,3
41128,45.0,14,3
41129,45.0,14,3
41130,45.0,14,3
41131,45.0,14,3
41132,45.0,14,3
41134,45.0,14,3
41135,45.0,14,3
41138,45.0,14,3
41140,45.0,14,3
41501,45.0,14,3
41502,45.0,14,3
41503,45.0,14,3
41504,45.0,14,3
41505,45.0,14,3
41506,45.0,14,3
41507,45.0,14,3
41508,45.0,14,3
41509,45.0,14,3
41510,45.0,14,3
41511,45.0,14,2
41512,45.0,14,3
41513,45.0,14,3
41514,45.0,14,3
41515,45.0,14,3
41516,45.0,14,3
41517,45.0,14,3
41518,45.0,14,3
41519,45.0,14,3
41520,45.0,14,3
41521,45.0,14,3
41522,45.0,14,3
41523,45.0,14,3
41524,45.0,14,3
41525,45.0,14,3
41526,45.0,14,3
41527,45.0,14,3
41528,45.0,14,3
41529,45.0,14,3
41530,45.0,14,3
41531,45.0,14,2
41532,45.0,14,3
41533,45.0,14,3
41534,45.0,14,3
41535,45.0,14,3
41536,45.0,14,3
41537,45.0,14,3
41538,45.0,14,3
41539,45.0,14,3
41540,45.0,14,3
41541,45.0,14,3
41542,45.0,14,3
41543,45.0,14,3
41544,45.0,14,3
41545,45.0,14,3
41546,45.0,14,3
41547,45.0,14,3
41548,45.0,14,3
41549,45.0,14,3
41550,45.0,14,3
41551,45.0,14,3
41552,45.0,14,3
41553,45.0,14,3
41554,45.0,14,3
41555,45.0,14,3
41556,45.0,14,3
41557,45.0,14,3
41558,45.0,14,3
41559,45.0,14,3
41560,45.0,14,3
41561,45.0,14,3
41562,45.0,14,3
41563,45.0,14,3
41564,45.0,14,3
41565,45.0,14,3
41566,45.0,14,3
41567,45.0,14,3
41568,45.0,14,3
41569,45.0,14,3
41570,45.0,14,3
41571,45.0,14,3
41572,45.0,14,3
41573,45.0,14,3
41574,45.0,14,3
41575,45.0,14,3
41576,45.0,14,3
41577,45.0,14,3
41578,45.0,14,3
41579,45.0,14,3
41580,45.0,14,3
41581,45.0,14,3
41582,45.0,14,3
41583,45.0,14,3
41584,45.0,14,3
41585,45.0,14,3
41586,45.0,14,3
41587,45.0,14,3
41588,45.0,14,3
41589,45.0,14,3
41590,45.0,14,3
41593,45.0,14,3
41594,45.0,14,3
41597,45.0,14,3
41598,45.0,14,3
41599,45.0,14,3
41600,45.0,14,3
42001,80.0,47,16
42002,85.0,47,15
42003,105.0,47,16
42004,90.0,47,16
42005,90.0,47,16
42006,100.0,47,16
42007,80.0,47,12
42008,90.0,47,16
42009,80.0,47,16
42010,90.0,47,16
42011,90.0,47,16
42012,100.0,47,15
42013,100.0,47,16
42014,100.0,47,16
42015,85.0,47,16
42016,95.0,47,16
42017,95.0,47,16
42018,90.0,47,16
42019,90.0,47,16
42020,90.0,47,16
42021,85.0,47,16
42022,90.0,47,16
42023,90.0,47,16
42024,90.0,47,12
42025,95.0,47,16
42026,90.0,47,12
42027,85.0,47,16
42028,95.0,47,16
42029,85.0,47,16
42030,90.0,47,12
42031,100.0,47,16
42032,90.0,47,16
42033,85.0,47,16
42034,85.0,47,16
42035,85.0,47,16
42036,85.0,47,16
42037,85.0,47,16
42038,85.0,47,16
42039,85.0,47,16
42040,85.0,47,16
42041,90.0,47,16
42042,90.0,47,16
42043,85.0,47,16
42044,85.0,47,16
42045,95.0,47,16
42046,95.0,47,16
42301,75.0,34,14
42302,75.0,34,14
42401,125.0,82,21
42402,135.0,82,21
42403,130.0,82,21
42404,130.0,82,16
42406,130.0,82,21
42407,140.0,82,21
42408,125.0,82,21
42409,140.0,82,21
42411,135.0,82,21
42412,135.0,82,21
42413,135.0,82,21
42414,150.0,82,21
42416,135.0,82,21
42417,135.0,82,21
42419,135.0,82,21
42420,125.0,82,21
42421,135.0,82,20
42422,135.0,82,21
42423,130.0,82,21
42451,50.0,35,2
42452,45.0,35,6
42601,95.0,47,17
42602,85.0,47,17
42603,95.0,47,17
42604,90.0,47,17
42605,95.0,47,17
42606,85.0,47,17
42607,90.0,47,17
42608,95.0,47,17
42651,145.0,62,15
42652,145.0,62,15
42653,145.0,62,15
42654,135.0,62,15
42655,140.0,62,15
42656,145.0,62,15
42657,140.0,62,15
42701,70.0,35,11
42702,65.0,34,15
42751,115.0,50,13
42752,115.0,49,13
42801,140.0,82,22
42802,140.0,82,22
42804,130.0,82,22
42851,190.0,97,19
42852,190.0,97,19
42854,190.0,97,19
42901,45.0,16,8
43001,50.0,20,11
43002,50.0,21,11
43003,45.0,20,11
43005,45.0,20,11
43006,45.0,21,11
43007,45.0,20,11
43008,50.0,21,11
43009,45.0,20,11
43011,50.0,20,11
43013,50.0,20,11
43014,60.0,21,11
43015,50.0,20,11
43016,45.0,21,11
43017,45.0,20,11
43018,45.0,21,11
43019,40.0,20,11
43020,50.0,21,11
43021,50.0,20,7
43022,50.0,21,11
43023,50.0,20,11
43025,50.0,20,7
43029,50.0,20,7
43101,65.0,30,14
43102,75.0,31,14
43103,80.0,30,14
43104,75.0,31,14
43105,70.0,30,14
43106,70.0,31,14
43107,70.0,30,14
43108,75.0,31,14
43109,70.0,30,14
43110,65.0,31,14
43111,70.0,30,14
43112,70.0,31,14
43113,70.0,30,14
43114,75.0,31,14
43115,70.0,30,14
43116,70.0,31,14
43117,70.0,30,14
43118,70.0,31,14
43119,70.0,30,14
43120,70.0,31,14
43121,70.0,30,14
43122,65.0,31,14
43123,70.0,25,9
43124,70.0,31,14
43125,70.0,25,8
43126,70.0,31,14
43127,70.0,25,8
43128,59.0,31,14
43130,70.0,31,14
43132,65.0,31,14
43201,80.0,46,18
43202,75.0,46,19
43203,80.0,46,19
43204,80.0,46,19
43205,75.0,46,19
43206,80.0,46,19
43207,75.0,46,19
43208,80.0,46,19
43209,75.0,46,19
43210,75.0,46,19
43211,75.0,46,19
43212,80.0,46,19
43213,75.0,46,19
43214,80.0,46,19
43215,80.0,46,19
43216,65.0,41,6
43217,80.0,46,19
43218,80.0,46,19
43219,80.0,46,19
43220,80.0,46,19
43221,80.0,46,19
43222,55.0,41,6
43223,80.0,46,19
43224,80.0,46,19
43225,80.0,46,19
43226,80.0,46,19
43227,80.0,41,18
43228,80.0,46,19
43229,80.0,46,19
43230,85.0,46,19
43231,80.0,46,19
43232,80.0,46,19
43233,80.0,46,19
43234,80.0,46,19
43235,80.0,46,19
43236,80.0,46,19
43237,75.0,46,19
43238,80.0,46,19
43239,80.0,46,19
43240,75.0,46,18
43241,80.0,46,19
43242,80.0,46,19
43243,80.0,46,19
43244,80.0,46,19
43245,80.0,46,19
43246,80.0,46,19
43247,80.0,41,10
43248,80.0,46,19
43250,80.0,46,19
43251,80.0,41,9
43252,85.0,46,19
43253,80.0,41,9
43254,80.0,46,19
43255,80.0,41,9
43256,80.0,46,19
43257,80.0,41,11
43258,80.0,46,19
43260,80.0,46,19
43401,85.0,68,11
43402,120.0,73,27
43403,120.0,73,27
43404,120.0,73,27
43405,120.0,73,27
43406,110.0,73,27
43407,115.0,73,27
43408,105.0,68,7
43409,120.0,73,27
43410,110.0,68,10
43411,120.0,73,27
43412,120.0,73,27
43413,125.0,73,27
43414,120.0,73,27
43415,125.0,73,27
43418,110.0,73,27
43419,120.0,73,27
43420,120.0,73,27
43421,120.0,73,27
43422,120.0,73,27
43423,115.0,68,14
43424,120.0,68,14
43425,120.0,73,27
43426,120.0,68,12
43427,120.0,73,27
43428,120.0,73,27
43429,125.0,68,12
43430,120.0,73,27
43431,90.0,68,10
43433,125.0,68,12
43434,120.0,73,24
43435,75.0,68,10
43436,120.0,73,27
43437,120.0,68,12
43438,120.0,73,27
43439,125.0,68,14
43501,135.0,86,28
43502,140.0,86,29
43503,135.0,86,29
43504,140.0,86,29
43505,140.0,86,28
43506,140.0,86,28
43507,140.0,86,28
43508,130.0,86,28
43509,140.0,86,29
43510,135.0,86,28
43511,145.0,86,29
43512,135.0,86,28
43513,150.0,86,28
43514,140.0,86,28
43515,150.0,86,29
43516,140.0,86,28
43517,140.0,80,13
43518,140.0,81,14
43520,134.0,81,15
43551,20.0,12,2
43552,20.0,12,2
43553,20.0,12,3
43554,25.0,12,2
43556,20.0,12,2
43601,60.0,22,12
43602,55.0,22,12
43603,50.0,22,12
43604,50.0,22,12
43605,50.0,22,12
43606,50.0,22,12
43607,55.0,22,12
43608,50.0,22,12
43610,50.0,22,12
43611,50.0,22,2
43612,55.0,22,12
43613,55.0,22,8
43614,50.0,22,12
43615,50.0,22,8
43616,55.0,22,12
43618,50.0,22,12
43620,50.0,22,12
43622,50.0,22,12
43650,50.0,22,8
43651,105.0,36,10
43652,105.0,37,10
43653,100.0,36,10
43654,110.0,37,10
43655,105.0,36,10
43656,100.0,37,10
43657,110.0,36,10
43658,95.0,37,10
43659,105.0,36,10
43660,100.0,37,10
43661,110.0,36,10
43662,105.0,37,10
43663,100.0,36,10
43664,105.0,37,10
43666,100.0,37,10
43668,110.0,37,10
43670,100.0,37,10
43672,95.0,37,10
43674,100.0,37,10
43701,85.0,48,20
43702,85.0,48,20
43703,85.0,48,20
43704,85.0,48,20
43705,85.0,48,20
43706,85.0,48,20
43707,85.0,48,20
43708,80.0,48,20
43709,80.0,48,20
43710,85.0,48,20
43711,85.0,48,20
43713,85.0,42,10
43715,80.0,48,20
43751,70.0,32,15
43752,72.0,32,15
43753,70.0,32,15
43754,80.0,32,15
43755,70.0,32,15
43757,65.0,32,15
43761,135.0,57,14
43762,125.0,57,14
43763,130.0,57,14
43764,130.0,57,14
43765,135.0,57,14
43766,135.0,57,14
43767,135.0,57,14
43768,145.0,57,14
43769,135.0,57,14
43770,140.0,57,14
43771,135.0,57,14
43773,135.0,57,14
43791,120.0,46,13
43792,125.0,47,17
43793,120.0,46,13
43794,150.0,42,12
43795,125.0,46,13
43797,120.0,46,13
43801,130.0,74,28
43802,125.0,75,28
43803,130.0,74,28
43804,95.0,70,9
43805,130.0,74,28
43806,125.0,70,15
43820,140.0,82,14
43821,150.0,82,16
43823,120.0,82,13
43831,35.0,20,5
43832,30.0,20,8
43841,80.0,52,17
43842,65.0,47,16
43844,75.0,47,2
43847,115.0,65,18
43851,125.0,70,17
43852,150.0,75,29
43861,100.0,51,13
43872,53.0,29,13
43882,55.0,34,13
43891,20.0,4,3
43892,20.0,10,4
43901,85.0,52,21
43902,85.0,52,21
43903,85.0,52,21
43904,85.0,52,21
43912,90.0,53,22
43921,10.0,5,2
43932,170.0,84,17
43934,170.0,84,16
43936,140.0,84,11
43938,160.0,84,17
43941,205.0,97,17
43942,195.0,97,18
43943,175.0,97,15
43952,145.0,63,15
47100,45.0,25,13
47101,45.0,25,13
47102,45.0,25,13
47103,50.0,25,13
47104,45.0,25,13
47105,50.0,25,13
47106,45.0,25,13
47107,45.0,25,13
47108,45.0,25,13
47109,45.0,25,13
47110,45.0,25,13
47111,55.0,25,13
47112,45.0,25,13
47113,45.0,25,13
47114,45.0,25,13
47115,45.0,25,13
47116,55.0,25,13
47117,45.0,25,13
47118,45.0,25,13
47119,45.0,25,13
47120,48.0,25,13
47121,45.0,25,13
47122,50.0,25,13
47123,45.0,25,13
47124,45.0,25,13
47125,45.0,25,13
47126,45.0,23,13
47127,50.0,23,13
47128,52.0,23,13
47129,45.0,23,13
47130,50.0,23,13
47131,45.0,23,13
47132,45.0,23,13
47133,50.0,23,13
47134,45.0,23,13
47135,47.0,23,13
47136,45.0,23,13
47137,45.0,23,13
47138,50.0,23,13
47139,45.0,23,13
47140,47.0,23,13
47141,45.0,23,13
47142,50.0,23,13
47143,45.0,23,13
47144,45.0,23,13
47145,50.0,23,13
47146,45.0,23,13
47147,45.0,23,13
47148,45.0,23,13
47149,82.0,37,22
47150,77.0,37,22
47151,82.0,37,22
47152,75.0,37,22
47153,90.0,37,22
47154,77.0,37,22
47155,83.0,37,22
47156,77.0,37,22
47157,85.0,37,22
47158,80.0,37,22
47159,90.0,37,22
47160,77.0,37,22
47161,80.0,37,22
47162,81.0,37,22
47163,80.0,37,22
47164,85.0,37,22
47165,87.0,37,22
47166,82.0,37,22
47167,80.0,37,22
47168,45.0,14,11
47169,83.0,37,22
47170,85.0,37,22
47171,77.0,37,22
47172,30.0,14,11
47173,77.0,37,22
47174,85.0,37,22
47175,77.0,37,22
47176,84.0,37,22
47177,87.0,37,22
47178,77.0,37,22
47179,77.0,37,22
47180,77.0,37,22
47181,80.0,37,22
47182,80.0,37,22
47183,82.0,37,22
47184,76.0,37,22
47185,77.0,37,22
47186,85.0,37,22
47187,85.0,37,22
47188,87.0,37,22
47189,83.0,37,22
47190,85.0,37,22
47191,82.0,37,22
47192,77.0,37,22
47193,82.0,37,22
47194,90.0,37,22
47195,55.0,22,12
47196,30.0,9,7
47197,70.0,24,17
47198,90.0,37,22
47199,67.0,24,17
47200,80.0,24,17
47201,65.0,24,17
47202,65.0,24,17
47203,80.0,37,22
47204,45.0,14,11
47205,30.0,14,11
47206,67.0,25,17
47207,80.0,37,22
47208,67.0,25,17
47209,67.0,25,17
47210,77.0,37,22
47211,80.0,37,22
47212,80.0,37,22
47213,80.0,37,22
47214,85.0,37,22
47215,80.0,37,22
47216,80.0,37,22
47217,80.0,37,22
47218,85.0,37,22
47219,77.0,37,22
47220,105.0,37,22
50101,395.0,251,22
50102,305.0,244,22
50103,525.0,347,38
50104,530.0,349,38
50105,685.0,486,49
50106,700.0,476,49
50107,155.0,78,9
50108,130.0,83,9
50119,50.0,27,6
50120,45.0,27,7
51027,695.0,430,26
51028,645.0,430,29
51029,805.0,565,31
51030,800.0,566,34
51033,275.0,187,8
51034,280.0,187,7
51111,75.0,56,9
51112,75.0,56,9
51113,75.0,56,9
51114,75.0,56,9
51115,75.0,56,9
51116,75.0,56,9
51135,15.0,9,2
51136,15.0,9,2
51137,15.0,9,2
51138,15.0,9,2
51139,15.0,9,2
51140,15.0,9,2
51141,15.0,9,2
51142,15.0,9,2
51145,15.0,9,2
51146,15.0,9,2
51147,15.0,9,2
51148,15.0,9,2
51149,15.0,9,2
51150,15.0,9,2
51151,200.0,108,8
51152,180.0,109,11
51153,750.0,444,48
51154,720.0,444,47
51157,575.0,306,37
51158,795.0,306,37
51181,315.0,262,30
51182,345.0,262,30
51183,570.0,361,36
51184,580.0,339,37
51187,1075.0,642,71
51188,1120.0,642,71
51189,1330.0,610,64
51190,1210.0,609,64
51195,225.0,132,15
51196,220.0,132,16
51197,430.0,318,35
51198,540.0,318,36
51239,35.0,22,4
51240,40.0,22,4
51253,240.0,115,16
51254,190.0,115,12
51255,130.0,88,12
51256,130.0,88,12
51259,120.0,78,12
51260,105.0,78,11
51261,175.0,104,11
51262,255.0,104,12
51285,795.0,397,46
51286,605.0,397,47
51293,265.0,167,20
51294,285.0,167,18
51317,185.0,91,19
51318,180.0,91,20
51347,190.0,120,16
51348,75.0,43,6
51350,105.0,77,11
51401,560.0,314,34
51402,615.0,311,34
51405,345.0,212,24
51406,320.0,212,24
51407,75.0,47,8
51408,80.0,47,6
51409,615.0,325,42
51410,700.0,326,41
51411,390.0,229,29
51412,370.0,208,24
51419,450.0,278,35
51420,445.0,279,33
51421,1210.0,769,83
51422,1275.0,769,76
51423,170.0,123,15
51424,205.0,123,15
51425,655.0,427,36
51426,585.0,437,35
51427,85.0,47,7
51428,75.0,47,7
51429,100.0,54,8
51430,95.0,54,9
51431,315.0,188,22
51432,280.0,188,21
51433,935.0,523,52
51434,1025.0,511,52
51435,275.0,145,19
51436,260.0,145,19
51437,275.0,189,17
51438,260.0,189,17
51441,275.0,180,24
51442,300.0,180,24
51451,190.0,120,16
51452,195.0,121,16
51458,45.0,20,2
51461,205.0,137,17
51462,190.0,137,16
51463,205.0,137,16
51464,210.0,137,16
51601,435.0,261,31
51602,490.0,264,31
51603,390.0,263,32
51604,460.0,266,32
51605,480.0,256,28
51606,495.0,253,28
51607,175.0,118,17
51608,175.0,118,17
51609,175.0,118,17
51610,180.0,118,17
51611,530.0,303,38
51612,530.0,303,38
51671,585.0,434,44
51672,610.0,434,44
51673,520.0,434,40
51674,650.0,434,40
51675,545.0,316,34
51676,620.0,316,34
51678,170.0,81,11
51679,595.0,316,36
51680,580.0,316,36
51685,50.0,32,5
51686,55.0,33,5
51687,55.0,32,5
51688,55.0,33,5
51701,380.0,238,26
51702,370.0,238,26
51703,240.0,124,18
51704,215.0,121,17
51705,235.0,121,17
51706,225.0,121,17
51708,250.0,124,18
51753,690.0,401,30
51754,820.0,403,30
51755,175.0,86,11
51756,195.0,86,11
51763,125.0,77,10
51764,165.0,77,10
51765,185.0,77,10
51766,120.0,77,10
51803,375.0,221,26
51804,380.0,221,26
51805,425.0,291,31
51806,465.0,291,31
51807,260.0,191,20
51811,235.0,151,20
51812,250.0,151,20
51813,515.0,295,38
51814,470.0,295,39
51815,310.0,204,25
51816,330.0,204,25
51817,500.0,254,26
51818,435.0,254,27
51821,75.0,63,6
51822,75.0,63,6
51827,940.0,381,44
51828,1030.0,381,44
51829,585.0,297,35
51830,515.0,297,30
51831,460.0,204,25
51832,305.0,204,25
51861,35.0,13,2
51862,35.0,13,2
51863,35.0,13,2
51864,35.0,13,2
51865,35.0,13,2
51866,35.0,13,2
51867,35.0,13,2
51868,35.0,13,2
51869,35.0,13,2
51870,35.0,13,2
51881,200.0,107,14
51882,160.0,107,14
51883,630.0,345,31
51884,555.0,345,31
51885,230.0,152,18
51886,215.0,154,18
51901,420.0,190,31
51902,385.0,194,32
51905,200.0,93,24
51906,150.0,90,16
51907,125.0,70,13
51908,115.0,70,13
51909,340.0,163,36
51910,320.0,163,36
51911,305.0,163,36
51912,335.0,163,36
51913,330.0,163,32
51914,295.0,160,28
51915,105.0,52,12
51916,125.0,51,12
51971,185.0,122,13
51972,165.0,123,13
51973,430.0,273,34
51974,470.0,273,34
52073,370.0,202,15
52074,365.0,202,15
52075,360.0,202,16
52076,355.0,202,16
52171,655.0,186,28
52172,660.0,186,28
52173,310.0,92,15
52174,300.0,92,15
52175,280.0,92,8
52176,280.0,92,7
52177,340.0,103,14
52178,330.0,103,14
52179,180.0,70,9
52180,175.0,70,9
52181,145.0,58,9
52182,70.0,27,5
52183,100.0,39,5
52184,175.0,70,9
52205,135.0,67,13
52206,130.0,67,8
52207,135.0,67,13
52208,150.0,67,13
52221,145.0,67,13
52222,145.0,67,13
52223,140.0,67,13
52224,135.0,67,13
52225,120.0,67,8
52226,135.0,67,13
52229,170.0,84,15
52230,195.0,84,16
52231,160.0,84,15
52232,170.0,84,15
52233,170.0,83,15
52234,195.0,84,16
52235,185.0,83,14
52236,165.0,84,13
52239,190.0,78,6
52240,150.0,78,6
52241,450.0,205,18
52242,420.0,205,18
52251,435.0,205,18
52252,435.0,205,19
52253,480.0,205,18
52254,410.0,205,18
52255,435.0,205,19
52256,390.0,205,18
52257,390.0,205,16
52258,380.0,205,16
52259,435.0,205,16
52260,410.0,205,16
52263,120.0,54,6
52264,120.0,54,6
52265,120.0,54,6
52266,120.0,54,6
52267,135.0,54,6
52268,120.0,54,6
52297,135.0,84,6
52298,165.0,84,6
52451,280.0,95,3
52452,285.0,95,3
52453,305.0,95,12
52454,300.0,95,14
52455,320.0,95,11
52456,345.0,95,10
52457,325.0,95,18
52458,345.0,95,18
52461,235.0,93,17
52462,225.0,104,17
52463,405.0,156,28
52464,410.0,176,27
52465,435.0,162,30
52466,420.0,185,30
52467,455.0,162,30
52468,375.0,185,30
52469,400.0,164,25
52470,380.0,169,23
52471,550.0,192,30
52472,610.0,215,34
52473,585.0,191,34
52474,615.0,213,33
52540,430.0,87,12
52541,425.0,87,12
52570,195.0,30,5
52571,225.0,30,5
52587,155.0,30,5
52588,150.0,30,5
52591,105.0,12,3
52592,125.0,12,3
52593,120.0,12,3
52594,120.0,12,3
52595,120.0,12,3
52596,120.0,12,3
52597,105.0,12,3
52598,120.0,12,3
52599,120.0,12,3
52911,265.0,134,14
52912,235.0,134,14
52913,290.0,134,14
52914,255.0,134,14
52929,420.0,189,17
52930,355.0,189,17
52931,155.0,104,11
52932,145.0,104,11
52933,380.0,189,17
52934,285.0,154,21
52935,265.0,154,20
52938,300.0,175,14
52939,310.0,175,14
52940,285.0,154,20
52941,265.0,154,20
52942,220.0,154,12
52943,195.0,154,12
52944,235.0,154,17
52945,225.0,154,17
52946,345.0,189,17
52947,140.0,104,11
52948,135.0,104,11
52949,215.0,95,12
52950,195.0,95,12
52951,370.0,159,19
52952,365.0,159,19
52953,225.0,70,7
52954,155.0,70,7
52955,250.0,133,12
52956,230.0,133,12
52963,140.0,63,8
52964,150.0,63,8
52973,150.0,63,8
52974,150.0,63,8
52975,150.0,63,8
52976,150.0,63,8
52987,150.0,63,8
52988,150.0,63,8
53001,360.0,209,42
53002,405.0,216,36
53005,135.0,65,17
53006,110.0,72,16
53007,270.0,131,28
53008,330.0,131,29
53009,125.0,65,18
53010,130.0,72,19
53011,120.0,65,15
53012,135.0,72,20
53013,120.0,72,17
53014,120.0,72,17
53015,120.0,65,16
53016,140.0,72,16
53017,135.0,72,17
53018,133.0,72,20
53019,110.0,65,13
53020,122.0,65,15
53021,310.0,142,25
53022,315.0,142,25
53023,115.0,59,11
53024,100.0,59,10
53025,110.0,59,11
53026,130.0,59,11
53027,220.0,112,22
53028,230.0,112,22
53029,535.0,217,42
53030,490.0,217,41
53031,120.0,59,11
53034,105.0,59,11
53035,255.0,87,18
53036,165.0,87,20
53037,140.0,74,14
53038,145.0,74,14
53041,1760.0,718,118
53042,1610.0,718,107
53043,1425.0,653,83
53044,1420.0,653,73
53045,350.0,286,21
53046,365.0,287,20
53047,285.0,218,23
53048,300.0,218,23
53049,720.0,453,53
53050,890.0,454,50
53061,715.0,348,50
53062,775.0,346,50
53063,300.0,194,31
53064,355.0,194,31
53068,155.0,111,19
53069,160.0,111,19
53073,215.0,137,22
53074,215.0,137,22
53075,115.0,82,13
53076,130.0,82,13
53081,100.0,64,8
53131,1105.0,571,70
53132,1185.0,572,70
53137,115.0,82,13
53138,130.0,82,13
53139,445.0,324,18
53140,395.0,325,18
53171,350.0,231,40
53172,390.0,229,38
53175,350.0,231,35
53176,347.0,229,36
53177,320.0,230,29
53178,370.0,229,36
53179,335.0,223,35
53180,365.0,222,39
53181,340.0,230,34
53186,325.0,229,33
53207,140.0,42,5
53208,95.0,42,5
53209,210.0,71,8
53210,230.0,71,8
53211,270.0,146,13
53212,350.0,146,13
53213,185.0,94,26
53214,190.0,88,25
53221,150.0,53,8
53222,150.0,53,8
53223,180.0,53,8
53224,180.0,53,7
53225,330.0,140,13
53226,353.0,140,13
53229,300.0,108,19
53230,295.0,108,18
53231,515.0,154,20
53232,385.0,154,20
53323,80.0,27,7
53324,85.0,27,7
53327,125.0,56,12
53328,135.0,56,12
53333,90.0,27,6
53334,70.0,27,6
53343,800.0,460,59
53344,790.0,460,58
53345,515.0,223,23
53346,475.0,223,23
53347,420.0,258,36
53348,485.0,258,35
53349,255.0,159,24
53350,275.0,159,24
53351,535.0,304,31
53352,560.0,304,31
53357,490.0,316,43
53358,495.0,316,42
53363,125.0,85,14
53364,130.0,85,14
53365,150.0,87,9
53366,150.0,87,9
53369,150.0,87,9
53370,150.0,87,9
53371,270.0,139,16
53372,260.0,139,16
53373,250.0,139,16
53374,260.0,139,16
53401,195.0,103,19
53402,185.0,103,19
53403,1102.0,433,66
53404,390.0,174,21
53405,206.0,137,22
53406,245.0,137,22
53408,525.0,259,46
53411,90.0,54,10
53412,90.0,54,10
53415,270.0,127,31
53416,245.0,127,31
53417,360.0,233,39
53418,400.0,233,39
53423,75.0,45,13
53424,85.0,44,13
53431,290.0,127,31
53432,235.0,127,31
53433,195.0,87,19
53434,165.0,87,19
53435,140.0,65,19
53436,145.0,65,18
53441,175.0,71,16
53442,175.0,72,16
53443,165.0,71,16
53444,180.0,73,18
53445,180.0,71,16
53446,175.0,72,16
53447,135.0,50,15
53448,140.0,51,15
53449,135.0,50,15
53450,140.0,51,15
53451,80.0,41,6
53452,85.0,41,6
53479,80.0,45,13
53480,85.0,44,13
53481,25.0,11,2
53482,25.0,11,2
53483,25.0,11,2
53484,25.0,11,2
53485,28.0,11,2
53486,25.0,11,2
53487,28.0,11,2
53488,25.0,11,2
53489,25.0,11,2
53490,25.0,11,2
53491,25.0,11,2
53492,28.0,11,2
53493,25.0,11,2
53494,25.0,11,2
53495,25.0,11,2
53496,25.0,11,2
53497,100.0,52,18
53498,127.0,52,18
53511,60.0,38,7
53512,55.0,37,7
53513,60.0,38,7
53514,60.0,37,7
53515,60.0,38,7
53516,60.0,37,7
53517,60.0,38,7
53518,55.0,37,7
53519,55.0,38,7
53520,55.0,37,7
53523,375.0,188,35
53524,410.0,188,35
53525,820.0,453,63
53526,810.0,453,62
53551,100.0,70,9
53552,100.0,70,9
53553,100.0,70,9
53554,100.0,70,9
53555,105.0,70,9
53556,105.0,70,9
53611,275.0,159,24
53612,285.0,159,24
53615,365.0,174,19
53616,320.0,174,19
53623,385.0,183,20
53624,475.0,183,21
53625,315.0,129,13
53626,290.0,129,13
53627,325.0,129,12
53628,345.0,129,12
53629,285.0,129,12
53630,285.0,129,13
53631,245.0,129,12
53632,275.0,129,12
53641,145.0,53,9
53642,90.0,53,9
53643,60.0,18,4
53644,60.0,18,4
53645,60.0,18,4
53646,60.0,18,4
53647,60.0,18,4
53648,60.0,18,4
54001,160.0,73,20
54002,148.0,73,20
54005,235.0,119,23
54006,275.0,141,25
54007,260.0,141,25
54008,250.0,141,25
54009,280.0,141,25
54010,45.0,33,5
54011,400.0,227,39
54012,388.0,227,39
54013,65.0,49,7
54014,95.0,49,7
54015,95.0,49,7
54016,75.0,49,7
54018,85.0,49,7
54019,100.0,81,8
54023,80.0,57,9
54024,275.0,127,25
54025,165.0,60,6
54026,105.0,71,6
54031,215.0,127,25
54032,220.0,127,25
54033,300.0,160,29
54034,235.0,127,25
54035,360.0,199,35
54036,335.0,199,35
54037,205.0,120,17
54038,180.0,119,17
54039,195.0,120,17
54040,185.0,119,17
54041,185.0,120,17
54042,190.0,119,17
54043,480.0,327,40
54044,590.0,327,40
54045,550.0,257,34
54046,440.0,257,36
54047,175.0,120,10
54048,200.0,119,17
54049,260.0,141,25
54050,255.0,141,25
54051,185.0,123,14
54052,170.0,123,14
54053,195.0,128,19
54054,215.0,128,19
54055,355.0,160,26
54056,335.0,160,26
54057,220.0,93,24
54058,220.0,93,24
54059,150.0,90,16
54060,220.0,93,24
54075,795.0,408,40
54076,825.0,408,44
54077,265.0,110,18
54078,290.0,110,19
54085,160.0,82,18
54086,190.0,82,18
54091,50.0,24,3
54092,50.0,24,3
54101,375.0,208,34
54102,365.0,208,34
54103,185.0,120,16
54104,190.0,120,16
54107,310.0,113,19
54108,275.0,113,19
54109,415.0,214,33
54110,425.0,214,33
54152,165.0,77,13
54153,350.0,167,27
54154,338.0,167,27
54155,265.0,138,27
54156,250.0,139,27
54158,220.0,136,26
54159,695.0,397,44
54161,395.0,261,27
54162,400.0,261,28
54201,65.0,37,7
54211,260.0,128,23
54212,280.0,128,23
54221,110.0,57,10
54222,135.0,57,10
54223,145.0,57,10
54224,120.0,57,10
54225,50.0,37,5
54226,50.0,37,5
54227,75.0,37,5
54228,50.0,37,5
54231,220.0,127,18
54232,255.0,127,18
54233,190.0,127,18
54234,260.0,127,18
54237,90.0,46,7
54238,90.0,45,7
54239,60.0,38,5
54240,55.0,38,5
54243,60.0,38,5
54244,65.0,38,5
54251,1370.0,508,74
54252,1190.0,518,75
54253,550.0,225,32
54254,440.0,225,32
54255,535.0,301,43
54256,610.0,301,42
54261,180.0,75,14
54262,120.0,57,11
54263,210.0,143,21
54264,220.0,143,21
54265,235.0,143,21
54266,255.0,143,21
54267,50.0,18,4
54268,50.0,18,4
54270,47.0,18,4
54271,430.0,198,31
54272,348.0,198,31
54273,205.0,97,17
54274,260.0,97,17
54281,245.0,139,19
54282,255.0,139,18
54283,310.0,139,18
54284,230.0,139,18
54291,220.0,128,18
54292,255.0,128,18
54293,335.0,172,25
54294,395.0,172,27
54303,510.0,266,41
54304,755.0,331,47
54307,370.0,160,23
54308,380.0,160,23
54309,170.0,82,18
54310,170.0,82,18
54311,210.0,110,20
54312,225.0,110,20
54313,115.0,43,9
54314,105.0,43,9
54321,293.0,64,13
54322,170.0,64,13
54323,145.0,98,11
54324,140.0,97,14
54325,545.0,176,30
54326,540.0,176,30
54327,170.0,86,11
54328,140.0,86,11
54329,205.0,95,16
54330,195.0,95,16
54331,145.0,68,11
54332,145.0,68,10
54333,750.0,323,46
54334,640.0,323,46
54335,230.0,117,20
54336,235.0,117,20
54341,385.0,131,21
54342,320.0,131,21
54351,370.0,164,27
54352,345.0,164,27
54353,350.0,164,22
54354,350.0,164,27
54355,135.0,78,13
54356,190.0,78,13
54371,405.0,150,21
54372,310.0,150,21
54373,295.0,150,21
54374,330.0,150,21
54375,245.0,107,18
54376,235.0,107,18
54377,870.0,429,62
54378,930.0,429,62
54381,225.0,106,17
54382,275.0,106,18
54383,240.0,106,18
54384,230.0,106,17
54385,50.0,24,3
54386,50.0,24,3
54387,50.0,24,3
54388,50.0,24,3
54389,50.0,24,3
54390,50.0,24,3
54391,275.0,142,24
54392,285.0,142,24
54393,130.0,53,9
54394,140.0,53,9
54395,375.0,159,23
54396,330.0,159,23
54397,160.0,47,9
54398,140.0,47,9
54401,215.0,92,14
54402,260.0,92,14
54403,190.0,92,14
54404,175.0,92,14
54405,210.0,92,14
54406,175.0,92,13
54411,345.0,160,37
54412,325.0,160,37
54413,150.0,82,18
54414,155.0,82,18
54416,150.0,82,18
54417,155.0,82,18
54420,175.0,82,18
54421,190.0,82,18
54423,215.0,119,23
54424,220.0,119,23
54461,940.0,415,55
54462,885.0,416,56
54463,580.0,233,38
54464,670.0,233,36
54465,250.0,142,21
54466,275.0,142,21
54467,140.0,73,10
54468,100.0,73,10
54469,110.0,73,10
54470,110.0,73,10
54471,665.0,283,45
54472,715.0,283,46
54473,355.0,189,33
54474,305.0,189,28
54475,720.0,243,50
54476,710.0,243,50
54481,65.0,22,5
54482,60.0,22,5
54483,60.0,22,5
54484,70.0,22,5
54485,70.0,22,5
54486,55.0,22,5
54531,110.0,69,8
54532,100.0,69,8
54539,675.0,272,42
54540,625.0,272,40
54541,355.0,194,28
54542,425.0,194,28
54551,305.0,201,26
54552,315.0,201,26
54553,150.0,106,14
54555,140.0,95,13
54556,320.0,201,24
54557,80.0,53,7
54558,80.0,53,7
54559,180.0,116,12
54560,185.0,116,12
54561,125.0,87,13
54562,145.0,87,13
54563,130.0,87,13
54564,140.0,87,13
54571,205.0,123,20
54572,230.0,123,20
54575,145.0,77,15
54576,150.0,77,15
54581,70.0,43,7
54582,75.0,43,7
54601,560.0,345,38
54602,750.0,415,39
54603,345.0,209,29
54604,335.0,209,29
54605,465.0,279,35
54606,345.0,209,29
54611,175.0,106,16
54612,175.0,106,17
54613,180.0,106,17
54614,180.0,106,17
54615,200.0,106,17
54616,185.0,106,17
54621,180.0,115,18
54622,200.0,115,18
54625,195.0,87,17
54626,200.0,87,17
54631,330.0,207,24
54632,375.0,229,27
54633,425.0,291,36
54634,495.0,269,34
54635,365.0,209,28
54636,335.0,209,29
54637,90.0,42,7
54638,70.0,42,7
54641,745.0,384,60
54642,680.0,384,59
54643,210.0,117,18
54644,205.0,117,18
54645,170.0,123,14
54646,205.0,123,20
54651,80.0,53,6
54654,90.0,53,6
54701,450.0,319,31
54702,610.0,394,39
54703,1100.0,661,60
54704,890.0,601,56
54751,695.0,413,48
54752,645.0,412,48
54753,190.0,126,18
54754,185.0,126,18
54755,185.0,126,18
54756,190.0,126,18
54757,570.0,327,43
54758,520.0,327,43
54759,180.0,137,17
54760,175.0,125,16
54761,180.0,125,16
54762,180.0,125,16
54763,370.0,190,31
54764,345.0,190,26
54765,135.0,95,11
54766,160.0,95,11
54781,500.0,300,38
54782,460.0,300,42
54783,735.0,422,60
54784,685.0,423,60
54785,155.0,88,14
54786,145.0,88,14
54787,120.0,82,13
54788,110.0,82,10
54789,520.0,384,45
54790,525.0,384,45
54791,450.0,279,32
54792,485.0,279,34
54793,365.0,212,22
54794,345.0,212,23
54803,770.0,457,58
54804,850.0,455,58
54805,1400.0,618,86
54806,1330.0,621,81
54809,775.0,542,64
54810,815.0,543,64
54813,290.0,208,24
54819,420.0,300,22
54820,450.0,300,22
54822,60.0,21,2
54825,195.0,88,12
54826,225.0,87,12
54833,580.0,367,41
54834,580.0,367,41
54835,220.0,142,21
54836,225.0,143,21
54881,130.0,118,8
54882,135.0,118,8
55001,335.0,164,26
55002,310.0,164,24
55007,645.0,290,50
55008,567.0,290,50
55009,170.0,108,17
55010,225.0,109,17
55011,225.0,118,18
55012,230.0,119,18
55013,490.0,200,33
55014,490.0,201,33
55017,255.0,132,23
55018,281.0,134,23
55019,345.0,178,27
55020,350.0,179,27
55021,440.0,225,40
55022,480.0,225,40
55025,280.0,152,25
55026,310.0,153,25
55027,330.0,152,25
55028,240.0,153,25
55029,290.0,150,21
55030,330.0,150,21
55031,815.0,339,58
55032,710.0,332,55
55033,230.0,160,24
55034,310.0,163,25
55035,255.0,159,22
55036,260.0,158,22
55037,175.0,103,16
55038,140.0,97,14
55041,255.0,150,16
55042,335.0,189,26
55043,195.0,81,19
55044,200.0,81,19
55045,235.0,90,14
55046,195.0,90,13
55049,635.0,332,55
55050,765.0,340,58
55051,190.0,81,19
55052,185.0,81,19
55055,135.0,39,6
55056,60.0,38,6
55071,300.0,150,21
55072,295.0,150,21
55073,300.0,150,21
55074,270.0,150,14
55075,390.0,166,28
55076,365.0,166,28
55077,235.0,112,22
55078,210.0,112,22
55079,375.0,189,28
55080,285.0,150,21
55081,370.0,150,16
55082,290.0,150,21
55101,70.0,30,7
55102,95.0,30,7
55103,80.0,30,7
55104,75.0,30,7
55105,55.0,20,5
55106,55.0,20,5
55107,50.0,28,5
55108,50.0,28,5
55109,60.0,28,5
55110,55.0,28,5
55111,50.0,28,5
55112,50.0,28,5
55113,55.0,28,5
55114,55.0,28,5
55115,250.0,108,17
55116,195.0,109,17
55119,500.0,227,34
55120,600.0,227,34
55122,330.0,164,26
55123,325.0,156,24
55125,240.0,118,22
55126,245.0,118,22
55127,245.0,118,22
55128,240.0,118,22
55129,200.0,118,22
55130,250.0,118,22
55131,480.0,200,33
55132,445.0,201,33
55133,220.0,136,22
55134,275.0,136,22
55135,295.0,131,20
55136,280.0,131,20
55137,350.0,167,26
55138,285.0,168,26
55139,305.0,167,26
55140,430.0,168,26
55141,190.0,81,19
55142,165.0,81,19
55143,105.0,56,9
55144,90.0,58,9
55145,50.0,20,5
55146,55.0,20,5
55149,425.0,227,27
55150,450.0,227,28
55159,105.0,56,9
55160,90.0,58,9
55163,355.0,157,24
55164,355.0,157,24
55165,70.0,43,8
55166,100.0,43,8
55167,25.0,17,3
55168,25.0,17,3
55169,30.0,17,3
55170,20.0,17,3
55171,25.0,6,2
55172,25.0,6,2
55173,25.0,6,2
55174,25.0,6,2
55175,25.0,6,2
55176,25.0,6,2
55177,25.0,6,2
55178,25.0,6,2
55179,20.0,6,2
55180,25.0,6,2
55181,215.0,106,27
55182,215.0,106,27
55183,220.0,106,27
55184,220.0,106,27
55207,257.0,159,19
55208,305.0,159,24
55209,360.0,159,18
55211,280.0,129,22
55212,285.0,129,15
55213,370.0,159,19
55214,315.0,159,19
55215,155.0,74,15
55216,190.0,74,15
55217,160.0,74,14
55218,190.0,74,14
55220,365.0,159,19
55221,280.0,179,24
55222,345.0,179,25
55223,582.0,267,41
55224,627.0,267,41
55225,255.0,129,21
55226,290.0,129,20
55227,78.0,51,10
55228,100.0,51,9
55229,235.0,108,22
55230,270.0,108,22
55231,90.0,12,4
55232,60.0,12,4
55237,110.0,50,9
55238,90.0,50,9
55239,130.0,51,9
55240,120.0,51,10
55301,245.0,116,13
55302,315.0,116,13
55303,335.0,125,14
55304,340.0,125,13
55305,120.0,76,7
55306,150.0,85,12
55307,135.0,76,8
55308,140.0,85,12
55309,150.0,85,12
55310,130.0,76,8
55311,95.0,58,9
55312,100.0,58,9
55313,35.0,27,4
55314,35.0,27,4
55315,80.0,54,7
55316,80.0,54,7
55317,80.0,54,7
55318,75.0,54,7
55319,75.0,54,6
55320,90.0,54,6
55321,135.0,85,12
55322,145.0,76,7
55323,135.0,76,6
55324,120.0,76,6
55325,615.0,319,55
55326,595.0,320,55
55327,235.0,138,27
55328,245.0,139,27
55329,455.0,213,33
55330,350.0,214,33
55331,155.0,107,17
55332,170.0,107,17
55333,285.0,166,22
55334,305.0,166,22
55335,135.0,81,10
55336,135.0,81,10
55337,240.0,139,18
55338,240.0,139,18
55339,155.0,105,14
55340,145.0,105,7
55341,325.0,167,22
55342,335.0,167,22
55343,210.0,141,19
55344,210.0,141,19
55345,210.0,141,19
55346,220.0,141,19
55347,150.0,81,10
55348,135.0,81,10
55349,150.0,81,10
55350,145.0,81,10
55351,145.0,81,10
55352,150.0,81,10
55353,135.0,105,7
55354,150.0,105,14
55355,215.0,141,19
55356,200.0,141,19
55357,200.0,141,19
55358,225.0,141,19
55359,165.0,119,8
55360,180.0,119,8
55361,120.0,55,9
55362,115.0,55,9
55363,120.0,55,9
55364,115.0,55,9
55365,120.0,55,9
55366,115.0,55,9
55367,120.0,55,9
55368,120.0,55,9
55369,100.0,55,7
55370,110.0,55,7
55371,45.0,25,3
55372,45.0,25,3
55373,45.0,25,3
55374,45.0,25,3
55375,45.0,25,3
55376,45.0,25,3
55421,175.0,106,14
55422,185.0,106,14
55465,155.0,72,14
55466,165.0,72,14
55467,495.0,233,34
55468,530.0,233,34
55513,240.0,105,16
55514,240.0,105,23
55517,210.0,68,9
55518,180.0,68,9
55519,235.0,105,16
55520,225.0,105,16
55525,100.0,50,10
55526,120.0,50,10
55527,660.0,266,37
55528,620.0,266,37
55533,285.0,138,23
55534,285.0,139,23
55537,450.0,230,34
55538,450.0,230,35
55539,685.0,267,44
55540,595.0,267,43
55541,385.0,159,28
55542,458.0,159,28
55549,300.0,87,17
55550,185.0,87,18
55553,320.0,138,23
55554,265.0,139,23
55555,245.0,139,20
55556,345.0,139,23
55559,330.0,139,19
55560,280.0,139,23
55563,225.0,100,13
55564,210.0,100,13
55565,285.0,139,19
55566,305.0,139,19
55567,335.0,139,19
55568,330.0,139,19
55569,45.0,21,3
55570,40.0,21,3
55571,235.0,100,13
55572,225.0,100,13
55575,150.0,54,5
55576,180.0,54,5
55577,140.0,54,5
55578,165.0,54,5
55583,200.0,100,13
55584,195.0,100,13
55601,355.0,181,26
55602,405.0,180,26
55603,300.0,160,29
55604,300.0,160,29
55615,845.0,380,33
55616,795.0,379,33
55661,170.0,60,12
55662,145.0,60,12
55663,555.0,256,35
55664,510.0,255,35
55665,150.0,67,10
55666,140.0,56,9
55667,245.0,103,14
55668,230.0,103,14
55675,240.0,140,14
55676,240.0,140,14
55677,315.0,115,22
55678,290.0,115,22
55679,225.0,140,14
55680,255.0,140,14
55681,75.0,42,5
55682,70.0,42,5
55683,75.0,42,5
55684,65.0,42,5
55685,175.0,60,12
55686,160.0,60,12
55687,280.0,101,10
55688,225.0,101,10
55689,225.0,71,15
55690,180.0,71,15
55701,225.0,90,20
55702,180.0,90,20
55703,194.0,90,20
55704,200.0,90,20
55707,225.0,109,24
55708,225.0,109,24
55709,70.0,24,4
55710,65.0,24,4
55711,450.0,232,41
55712,480.0,232,41
55713,900.0,363,45
55714,745.0,363,45
55719,130.0,49,8
55720,130.0,49,8
55721,270.0,95,18
55722,270.0,94,18
55725,335.0,168,23
55726,305.0,168,23
55727,180.0,93,20
55728,175.0,94,20
55729,180.0,93,20
55730,200.0,94,20
55733,170.0,108,15
55734,185.0,108,19
55735,175.0,107,19
55736,180.0,108,19
55740,180.0,108,19
55741,165.0,108,15
55742,180.0,108,15
55743,180.0,107,19
55744,175.0,108,15
55749,105.0,56,10
55750,110.0,56,10
55751,100.0,56,10
55752,95.0,56,10
55753,520.0,268,34
55754,470.0,268,34
55755,185.0,107,19
55756,185.0,108,19
55763,180.0,107,19
55764,180.0,108,15
55769,225.0,90,20
55770,200.0,90,20
55771,105.0,61,9
55772,105.0,60,9
55801,265.0,156,22
55802,270.0,156,22
55803,275.0,208,19
55804,280.0,208,19
55809,280.0,156,22
55810,305.0,156,22
55811,490.0,309,21
55812,500.0,309,21
55813,580.0,343,42
55814,580.0,343,42
55817,345.0,156,17
55818,295.0,156,17
55819,280.0,126,14
55820,230.0,126,14
55823,40.0,6,4
55824,40.0,6,4
55861,250.0,95,18
55862,270.0,94,18
55893,185.0,89,15
55894,165.0,88,15
55895,725.0,426,53
55896,705.0,425,53
55901,810.0,336,49
55902,820.0,335,49
55903,360.0,155,23
55904,360.0,155,23
55909,160.0,102,13
55910,160.0,102,13
55913,385.0,176,27
55914,365.0,176,27
56001,90.0,68,6
56002,95.0,68,5
56003,85.0,62,6
56004,95.0,62,3
56005,100.0,62,6
56006,95.0,62,6
56007,105.0,60,8
56008,110.0,60,10
56009,115.0,70,13
56010,130.0,70,13
56011,335.0,193,27
56012,370.0,193,27
56013,140.0,70,14
56014,135.0,70,14
56033,135.0,76,11
56034,150.0,76,11
56035,105.0,61,12
56036,100.0,61,12
56037,260.0,196,18
56038,275.0,196,17
56041,585.0,279,33
56042,565.0,284,31
56043,30.0,22,3
56044,35.0,22,3
56100,205.0,99,11
56101,185.0,99,11
56102,65.0,40,4
56103,65.0,40,4
56105,130.0,84,9
56106,130.0,85,7
56107,120.0,85,7
56108,120.0,85,7
56109,230.0,141,25
56110,240.0,141,22
56111,275.0,178,23
56112,360.0,180,23
56113,205.0,120,26
56114,195.0,120,26
56115,120.0,70,17
56116,135.0,70,17
56136,290.0,45,7
56137,215.0,45,7
56138,75.0,18,6
56139,70.0,18,6
56140,70.0,18,6
56141,80.0,18,6
56142,65.0,18,6
56143,75.0,18,6
56144,50.0,35,4
56145,50.0,35,4
56146,50.0,35,4
56147,50.0,35,4
56148,50.0,35,4
56149,55.0,35,4
56150,50.0,35,4
56151,50.0,35,4
56201,100.0,60,13
56202,100.0,60,13
56203,105.0,60,13
56204,110.0,60,13
56205,55.0,25,7
56206,50.0,25,7
56207,100.0,60,13
56208,110.0,60,13
56209,110.0,60,13
56210,105.0,60,13
56215,435.0,294,34
56216,435.0,294,34
56217,150.0,96,7
56218,170.0,96,7
56221,105.0,69,14
56222,105.0,69,14
56223,270.0,165,29
56224,250.0,165,29
56225,125.0,69,14
56226,110.0,69,14
56227,425.0,273,41
56228,440.0,273,41
56231,205.0,138,20
56232,195.0,138,22
56237,200.0,138,22
56238,200.0,138,21
56241,325.0,220,22
56242,335.0,219,22
56261,645.0,290,43
56262,510.0,290,41
56263,260.0,138,17
56264,245.0,138,17
56265,235.0,167,21
56266,235.0,167,21
56267,265.0,167,21
56268,250.0,167,21
56269,370.0,275,16
56270,380.0,275,16
56271,190.0,114,11
56272,170.0,114,11
56273,495.0,305,36
56274,435.0,303,36
56275,555.0,372,32
56276,545.0,372,31
56277,395.0,244,20
56278,405.0,244,20
56281,315.0,198,27
56282,305.0,198,27
56300,130.0,84,14
56301,120.0,85,14
56302,95.0,56,12
56303,95.0,56,12
56304,450.0,231,44
56305,160.0,96,14
56307,125.0,64,18
56308,120.0,64,18
56309,110.0,64,18
56310,120.0,71,14
56311,120.0,72,14
56313,110.0,72,14
56315,120.0,72,14
56316,115.0,71,14
56317,165.0,78,16
56318,145.0,77,16
56319,820.0,531,39
56320,780.0,532,46
56323,680.0,404,54
56324,720.0,404,54
56331,80.0,44,10
56332,85.0,44,10
56333,120.0,52,11
56334,110.0,52,11
56335,115.0,52,11
56336,105.0,52,11
56337,85.0,44,10
56338,85.0,44,10
56361,190.0,107,22
56362,335.0,173,33
56363,310.0,173,33
56364,210.0,107,22
56365,565.0,302,43
56366,635.0,302,43
56370,160.0,96,18
56371,155.0,96,17
56373,30.0,22,3
56374,35.0,22,3
56375,175.0,96,18
56376,165.0,96,17
56377,65.0,43,8
56378,65.0,43,6
56379,105.0,56,12
56380,155.0,100,19
56381,145.0,100,11
56382,145.0,100,12
56383,175.0,100,19
56384,95.0,56,12
56385,105.0,58,12
56386,105.0,59,9
56387,175.0,114,14
56388,175.0,114,17
56389,110.0,58,10
56390,110.0,59,9
56391,260.0,155,25
56392,275.0,155,25
56393,155.0,96,14
56394,150.0,95,14
56501,1345.0,693,66
56502,1180.0,691,68
56503,1355.0,747,78
56504,1230.0,749,79
56505,35.0,17,6
56506,35.0,16,6
56507,185.0,84,17
56508,155.0,85,17
56509,180.0,84,17
56510,150.0,85,17
56511,35.0,17,6
56512,35.0,16,6
56513,920.0,568,57
56514,915.0,567,58
56515,780.0,470,63
56516,790.0,469,63
56517,150.0,93,13
56518,155.0,93,12
56519,75.0,33,5
56520,60.0,33,5
56600,140.0,85,16
56601,135.0,85,16
56602,355.0,175,35
56603,380.0,207,41
56604,170.0,98,14
56605,245.0,131,20
56610,220.0,110,19
56611,165.0,109,19
56612,100.0,66,12
56613,95.0,66,12
56614,95.0,66,12
56616,100.0,66,12
56617,95.0,66,12
56619,95.0,66,12
56620,100.0,66,12
56621,100.0,66,12
56640,410.0,326,30
56641,475.0,324,30
56642,90.0,49,5
56643,85.0,48,5
56644,90.0,49,4
56645,80.0,48,4
56646,160.0,91,11
56647,140.0,90,11
56650,465.0,273,40
56651,445.0,273,40
56652,165.0,89,20
56653,145.0,89,20
56654,360.0,220,40
56655,200.0,131,22
56656,205.0,131,23
56657,135.0,89,20
56659,70.0,48,11
56661,130.0,83,13
56663,230.0,118,22
56664,205.0,119,22
56665,315.0,182,20
56666,305.0,179,20
56700,710.0,410,46
56701,895.0,409,49
56703,145.0,93,12
56704,135.0,94,11
56705,550.0,333,43
56706,505.0,334,42
56707,80.0,62,8
56708,90.0,62,8
56709,205.0,120,12
56710,175.0,120,12
56711,300.0,145,26
56714,305.0,145,18
56715,350.0,196,19
56716,335.0,188,19
56717,145.0,88,9
56718,115.0,73,8
56719,20.0,15,2
56721,235.0,161,17
56722,230.0,161,17
56723,220.0,161,17
56724,230.0,161,17
56725,270.0,161,17
56726,240.0,161,17
56731,210.0,173,14
56732,225.0,173,14
56733,220.0,173,14
56734,225.0,173,14
56735,250.0,173,14
56736,235.0,173,14
56741,170.0,59,10
56742,125.0,60,10
56761,105.0,61,12
56762,105.0,61,12
56763,90.0,61,12
56764,95.0,61,12
56765,115.0,61,12
56766,105.0,61,12
56767,265.0,121,20
56768,250.0,121,20
56769,690.0,459,43
56770,680.0,458,43
56796,125.0,72,17
56797,155.0,78,18
56798,180.0,78,18
56799,135.0,72,17
56800,135.0,72,17
56801,140.0,72,17
56802,135.0,72,17
56803,160.0,72,17
56811,210.0,120,25
56812,195.0,120,25
56819,70.0,39,10
56820,80.0,39,10
56821,295.0,214,20
56822,310.0,214,20
56823,220.0,120,24
56824,215.0,120,24
56825,575.0,358,28
56826,550.0,358,28
56829,365.0,263,25
56830,390.0,264,25
56839,265.0,178,23
56840,365.0,180,23
56841,260.0,141,25
56842,220.0,141,25
56843,230.0,141,22
56844,225.0,141,22
56845,305.0,178,23
56846,310.0,180,23
56859,180.0,133,11
56860,185.0,133,11
56861,50.0,37,5
56862,45.0,37,5
56863,50.0,37,5
56864,55.0,37,5
56865,45.0,37,5
56866,50.0,37,5
56871,65.0,38,6
56872,65.0,38,6
56873,195.0,121,22
56874,210.0,121,22
56875,190.0,121,22
56876,180.0,121,22
56877,195.0,121,22
56878,185.0,121,22
56879,60.0,38,6
56880,60.0,38,6
56881,260.0,160,14
56882,470.0,264,30
56883,270.0,160,14
56884,425.0,264,27
56885,430.0,264,27
56886,250.0,160,15
56889,165.0,104,13
56902,50.0,20,5
56903,570.0,378,33
56904,590.0,377,34
56905,555.0,357,40
56906,580.0,356,40
56907,40.0,20,5
56909,805.0,516,36
56910,915.0,516,35
56911,290.0,191,19
56912,310.0,189,19
56913,735.0,470,44
56914,720.0,468,44
56915,295.0,191,22
56916,300.0,189,22
56917,85.0,62,5
56918,78.0,62,5
56921,210.0,141,12
56922,220.0,141,10
56925,80.0,69,7
56926,100.0,69,6
56961,110.0,61,11
56962,90.0,58,11
56963,105.0,61,12
56964,110.0,58,12
56965,105.0,61,12
56966,100.0,58,12
57121,330.0,243,26
57122,285.0,191,21
57123,540.0,332,39
57124,615.0,381,44
57129,855.0,455,63
57130,925.0,445,53
57131,70.0,22,12
57133,585.0,366,42
57134,630.0,366,38
57135,750.0,450,47
57136,850.0,453,48
57145,80.0,56,8
57146,80.0,56,8
57155,425.0,223,29
57156,345.0,223,29
57225,635.0,350,58
57226,555.0,350,55
57229,700.0,372,35
57230,730.0,371,36
57231,305.0,217,27
57232,345.0,217,27
57237,315.0,225,28
57238,365.0,226,29
57239,380.0,137,21
57240,440.0,209,31
57241,315.0,220,35
57242,330.0,220,35
57255,315.0,168,23
57256,270.0,168,23
57257,1180.0,602,92
57258,1185.0,603,90
57264,65.0,29,7
57265,75.0,29,7
57271,1045.0,535,68
57272,1065.0,535,71
57273,945.0,578,59
57274,910.0,577,60
57277,405.0,292,45
57278,315.0,220,34
57305,1085.0,622,78
57306,975.0,622,56
57307,85.0,32,18
57308,90.0,32,18
57317,225.0,130,17
57320,195.0,130,17
57323,60.0,35,4
57324,60.0,35,4
57325,1040.0,622,77
57326,1080.0,622,79
57327,530.0,333,36
57328,555.0,333,36
57329,720.0,379,49
57330,650.0,380,49
57381,365.0,171,31
57382,335.0,171,26
57401,165.0,104,13
57402,215.0,104,13
57403,170.0,104,14
57404,175.0,104,14
57405,180.0,104,13
57406,235.0,104,13
57411,135.0,83,7
57412,95.0,83,7
57425,580.0,358,50
57426,605.0,356,49
57429,160.0,92,12
57430,140.0,93,12
57435,365.0,236,24
57436,350.0,236,41
57447,155.0,105,15
57448,365.0,182,43
57451,435.0,234,22
57452,365.0,234,22
57456,145.0,105,20
57473,405.0,191,40
57474,530.0,297,62
57475,720.0,370,39
57476,605.0,370,40
57477,810.0,473,42
57478,955.0,474,42
57486,170.0,77,27
57501,60.0,26,5
57502,210.0,114,16
57503,210.0,114,16
57504,65.0,26,5
57512,125.0,58,8
57515,925.0,581,57
57516,905.0,581,58
57517,165.0,115,15
57518,175.0,114,15
57521,165.0,92,11
57522,165.0,92,11
57539,505.0,298,36
57540,475.0,299,36
57541,600.0,325,34
57542,595.0,347,36
57547,790.0,435,48
57548,755.0,435,47
57549,1000.0,583,59
57550,930.0,583,57
57551,325.0,223,30
57552,330.0,225,30
57553,505.0,316,41
57554,555.0,317,41
57557,230.0,110,16
57558,170.0,110,16
57561,1090.0,623,88
57562,1045.0,620,87
57563,635.0,340,45
57564,495.0,279,29
57581,290.0,206,26
57582,330.0,206,26
57583,375.0,206,26
57584,300.0,206,26
57590,65.0,19,3
57593,430.0,243,36
57594,435.0,243,36
57601,275.0,165,23
57602,250.0,165,21
57605,130.0,72,11
57606,170.0,79,12
57625,590.0,341,37
57626,580.0,341,37
57628,200.0,112,15
57631,550.0,377,37
57632,370.0,265,31
57641,470.0,299,37
57642,450.0,299,25
57649,50.0,36,5
57650,240.0,149,19
57651,560.0,341,40
57652,600.0,341,40
57657,335.0,209,23
57658,325.0,209,23
57659,560.0,347,52
57660,460.0,235,38
57685,160.0,108,10
57686,155.0,108,8
57687,245.0,165,14
57688,290.0,165,11
57689,265.0,165,12
57690,245.0,165,16
58001,925.0,526,91
58002,960.0,518,90
58003,425.0,299,38
58004,415.0,298,39
58005,455.0,366,32
58006,450.0,366,32
58007,265.0,182,28
58008,240.0,182,28
58009,380.0,226,36
58010,325.0,226,36
58011,615.0,442,45
58012,670.0,441,45
58013,175.0,82,12
58014,145.0,82,12
58015,335.0,284,28
58016,340.0,284,28
58017,350.0,209,31
58018,320.0,210,31
58019,85.0,41,9
58020,75.0,41,9
58021,235.0,137,18
58022,170.0,137,19
58023,360.0,161,26
58024,360.0,162,26
58025,650.0,339,44
58026,535.0,336,44
58029,115.0,62,10
58030,85.0,62,10
58031,90.0,69,9
58032,85.0,69,9
58033,200.0,117,15
58034,190.0,114,15
58103,250.0,148,18
58104,275.0,148,18
58109,240.0,147,19
58110,345.0,147,19
58111,1445.0,885,102
58112,1610.0,883,109
58113,790.0,470,60
58114,870.0,469,61
58117,845.0,503,65
58118,835.0,496,64
58131,930.0,520,78
58132,960.0,526,78
58133,140.0,101,15
58134,185.0,101,15
58135,77.0,48,9
58136,90.0,48,9
58137,82.0,48,9
58138,80.0,48,9
58143,360.0,175,26
58151,195.0,96,12
58152,195.0,96,12
58161,455.0,261,35
58162,460.0,261,34
58163,435.0,272,23
58164,358.0,269,23
58201,160.0,112,15
58202,185.0,111,15
58203,305.0,209,29
58204,335.0,209,29
58205,455.0,310,42
58206,600.0,302,43
58207,490.0,305,30
58208,500.0,305,30
58209,155.0,96,12
58210,170.0,97,15
58212,160.0,97,15
58213,800.0,431,48
58214,720.0,433,48
58217,300.0,204,13
58218,325.0,204,14
58219,530.0,237,29
58220,540.0,237,29
58221,325.0,214,20
58222,325.0,213,20
58223,275.0,143,15
58224,270.0,174,20
58227,135.0,64,9
58301,915.0,494,41
58302,900.0,494,41
58303,125.0,54,6
58304,90.0,54,6
58401,110.0,82,14
58402,110.0,82,14
58403,90.0,43,11
58404,75.0,43,11
58405,95.0,82,11
58406,105.0,82,11
58408,215.0,142,30
58409,75.0,43,11
58410,75.0,43,11
58411,260.0,165,27
58412,230.0,165,27
58413,370.0,202,42
58414,345.0,202,43
58415,170.0,90,21
58416,185.0,90,21
58417,760.0,380,59
58418,680.0,380,59
58419,380.0,239,36
58420,340.0,239,36
58421,340.0,196,30
58422,325.0,196,30
58423,195.0,115,23
58424,205.0,115,23
58425,310.0,214,22
58426,305.0,214,22
58427,175.0,88,9
58428,230.0,88,8
58429,105.0,65,7
58430,105.0,65,7
58431,95.0,65,7
58432,105.0,65,7
58433,235.0,192,18
58434,225.0,192,17
58435,180.0,115,23
58436,215.0,115,23
58501,835.0,471,53
58502,835.0,471,53
58503,260.0,184,25
58504,245.0,184,25
58505,525.0,267,28
58506,405.0,267,28
58525,355.0,202,27
58526,340.0,202,26
58527,965.0,528,56
58528,995.0,528,56
58529,1045.0,570,64
58530,945.0,571,64
58531,275.0,202,27
58532,295.0,202,27
58533,445.0,266,43
58534,385.0,266,43
58535,110.0,82,14
58536,110.0,82,14
58537,595.0,357,39
58538,555.0,357,39
58601,230.0,168,22
58602,295.0,168,22
58603,465.0,248,40
58604,440.0,249,40
58621,315.0,157,22
58622,385.0,157,22
58651,90.0,66,10
58652,90.0,67,10
58653,155.0,110,12
58654,155.0,111,12
58655,90.0,66,10
58656,90.0,67,10
58657,90.0,66,10
58658,80.0,67,7
58659,330.0,160,21
58660,360.0,160,21
58661,375.0,222,29
58662,380.0,219,29
58701,345.0,215,24
58702,340.0,215,24
58711,140.0,51,8
58712,130.0,50,8
58713,145.0,51,8
58714,130.0,50,8
58715,145.0,51,8
58716,130.0,50,8
58717,75.0,22,4
58718,70.0,22,4
58719,50.0,17,3
58720,50.0,16,3
58721,50.0,17,3
58722,50.0,16,3
58801,375.0,249,28
58802,405.0,249,28
58803,380.0,249,28
58804,345.0,249,28
58805,365.0,238,27
58806,150.0,103,14
58808,155.0,135,14
58809,75.0,38,7
58810,90.0,42,8
58811,105.0,43,8
58812,80.0,38,7
58813,100.0,38,7
58814,75.0,38,7
58815,240.0,123,20
58816,210.0,124,20
58817,95.0,47,9
58818,80.0,46,9
58843,280.0,104,17
58844,255.0,104,17
58845,270.0,104,17
58846,270.0,104,17
58847,265.0,104,17
58848,255.0,104,17
58877,320.0,104,17
58878,315.0,104,17
59013,580.0,334,31
59014,585.0,335,31
59023,285.0,193,20
59024,265.0,193,21
59037,400.0,206,30
59038,340.0,206,31
59039,185.0,138,18
59040,140.0,114,14
59045,230.0,158,20
59046,280.0,182,23
59048,105.0,68,13
59049,845.0,362,62
59050,775.0,362,62
59075,720.0,334,44
59076,660.0,335,44
59077,545.0,334,30
59078,620.0,335,31
59101,210.0,62,11
59102,205.0,62,11
59103,215.0,62,11
59104,205.0,62,11
59117,150.0,99,18
59118,170.0,105,19
59119,170.0,105,19
59120,150.0,99,18
59121,170.0,105,19
59122,175.0,105,19
59151,200.0,104,10
59152,200.0,104,10
59153,210.0,104,10
59154,210.0,104,10
59161,195.0,105,20
59162,195.0,105,20
59163,60.0,13,3
59164,65.0,13,3
59167,165.0,62,14
59168,165.0,62,14
59169,60.0,13,3
59170,65.0,13,3
59201,80.0,47,8
59202,85.0,47,8
59203,235.0,169,22
59204,235.0,169,22
59205,155.0,114,11
59206,135.0,108,11
59207,930.0,535,60
59208,895.0,535,59
59211,350.0,222,21
59212,395.0,216,21
59213,70.0,52,8
59214,80.0,52,7
59215,80.0,52,7
59216,80.0,52,8
59225,300.0,201,25
59226,305.0,201,25
59227,125.0,91,12
59228,125.0,91,12
59229,320.0,206,23
59230,310.0,206,24
59231,105.0,78,10
59232,115.0,78,10
59233,260.0,169,20
59234,230.0,169,20
59235,205.0,152,22
59236,215.0,152,22
59243,75.0,38,7
59244,75.0,38,7
59267,90.0,47,8
59268,80.0,47,8
59269,80.0,47,8
59270,80.0,47,8
59271,260.0,169,18
59272,245.0,169,18
59295,80.0,47,8
59296,80.0,47,8
59297,345.0,236,23
59298,395.0,236,23
59306,135.0,78,10
59307,125.0,78,10
59317,95.0,54,8
59318,90.0,54,8
59319,310.0,183,25
59320,265.0,183,25
59341,710.0,428,44
59342,660.0,428,44
59345,60.0,44,6
59346,55.0,44,6
59353,90.0,54,8
59354,95.0,54,8
59355,1005.0,585,65
59356,975.0,585,65
59357,175.0,86,16
59358,195.0,86,16
59359,115.0,75,9
59360,120.0,75,9
59379,125.0,74,7
59380,110.0,74,7
59385,930.0,553,49
59386,970.0,553,48
59387,255.0,133,17
59388,280.0,133,17
59393,610.0,397,50
59394,650.0,398,50
59395,385.0,133,13
59396,305.0,137,15
59421,280.0,184,21
59422,310.0,189,22
59423,325.0,189,22
59424,280.0,184,21
59425,540.0,358,38
59426,520.0,358,38
59439,945.0,490,72
59440,950.0,490,66
59441,975.0,490,74
59442,955.0,490,74
59473,220.0,111,15
59474,235.0,111,15
59475,55.0,40,6
59476,65.0,40,6
59477,55.0,40,6
59478,55.0,40,6
59481,55.0,40,6
59482,55.0,40,6
59483,65.0,40,6
59484,55.0,40,6
59503,730.0,429,48
59504,840.0,429,48
59507,295.0,189,18
59508,300.0,189,18
59509,100.0,64,8
59510,95.0,64,8
59511,95.0,64,8
59512,100.0,64,8
59547,1050.0,495,49
59548,960.0,495,45
59549,140.0,99,8
59550,140.0,99,8
59601,230.0,139,19
59602,210.0,139,19
59603,610.0,306,39
59604,560.0,306,39
59605,170.0,114,13
59606,185.0,114,13
59607,60.0,31,5
59608,60.0,31,5
59705,900.0,563,55
59706,790.0,562,55
59707,115.0,77,10
59708,105.0,66,9
59709,125.0,66,10
59710,120.0,77,11
59711,220.0,142,17
59712,220.0,143,17
59713,75.0,54,10
59714,95.0,54,10
59715,300.0,215,28
59716,315.0,215,28
59717,315.0,215,28
59718,315.0,215,28
59719,300.0,215,28
59720,320.0,215,28
59721,500.0,367,42
59722,510.0,367,42
59727,355.0,213,25
59728,300.0,213,17
59729,335.0,213,17
59730,310.0,213,25
59731,110.0,66,10
59732,105.0,66,10
59733,105.0,66,9
59734,110.0,66,9
59735,60.0,47,4
59736,60.0,47,4
59803,385.0,265,24
59804,420.0,265,24
59805,375.0,268,23
59806,385.0,268,22
59811,1285.0,688,71
59812,1255.0,691,71
59813,620.0,330,42
59814,570.0,328,41
59821,995.0,499,42
59822,935.0,499,47
59823,150.0,87,14
59824,150.0,87,14
59825,145.0,87,14
59826,155.0,87,14
59827,65.0,36,3
59828,60.0,36,3
59831,905.0,527,64
59832,925.0,527,63
59833,430.0,227,15
59834,375.0,227,15
59835,295.0,169,20
59836,350.0,169,20
59837,145.0,85,11
59838,140.0,85,11
59839,135.0,85,11
59840,140.0,85,11
61631,200.0,138,16
61632,200.0,138,16
63105,285.0,230,31
63108,327.0,229,34
63141,360.0,228,30
63142,325.0,228,36
63151,20.0,6,3
63153,20.0,6,3
63154,20.0,6,3
63155,20.0,6,3
63156,20.0,6,3
63157,20.0,6,3
63158,20.0,6,3
63159,20.0,6,3
63160,20.0,6,3
63161,20.0,6,3
63162,20.0,6,3
63163,20.0,6,3
63164,20.0,6,3
63165,20.0,6,3
63166,20.0,6,3
63167,15.0,6,2
63168,15.0,6,2
63169,15.0,6,3
63203,105.0,34,8
63204,110.0,34,8
63205,290.0,123,25
63206,350.0,123,22
63207,430.0,177,30
63208,435.0,221,34
63209,410.0,177,29
63210,375.0,177,30
63211,530.0,221,34
63212,365.0,177,29
63213,95.0,49,11
63214,90.0,49,13
63217,220.0,98,18
63218,215.0,98,18
63219,150.0,75,14
63220,200.0,85,17
63221,135.0,89,7
63222,150.0,89,7
63223,125.0,49,10
63224,90.0,49,10
63225,430.0,207,34
63226,445.0,225,39
63227,435.0,207,37
63228,475.0,207,31
63231,475.0,207,33
63232,260.0,117,18
63233,485.0,225,35
63234,575.0,207,29
63235,155.0,89,11
63237,280.0,152,21
63238,270.0,152,20
63240,235.0,89,11
63241,185.0,94,26
63242,180.0,91,13
63243,180.0,94,26
63244,180.0,94,26
63245,180.0,91,17
63246,180.0,91,17
63247,180.0,91,13
63248,170.0,94,26
63249,165.0,91,16
63250,155.0,85,14
63251,180.0,91,18
63252,160.0,91,17
63253,180.0,91,15
63254,165.0,94,24
63255,180.0,91,13
63256,180.0,91,13
63257,180.0,94,26
63258,180.0,94,26
63259,185.0,91,18
63260,180.0,94,21
63261,450.0,139,27
63262,320.0,139,24
63263,255.0,117,20
63264,580.0,207,31
63271,220.0,89,15
63272,280.0,89,15
63273,75.0,20,6
63274,70.0,18,7
63275,75.0,20,6
63276,65.0,18,7
63279,175.0,93,20
63280,375.0,120,25
63283,285.0,120,25
63284,255.0,120,25
63285,285.0,120,24
63286,185.0,93,20
63289,125.0,85,14
63290,125.0,85,14
63291,125.0,85,14
63292,139.0,85,14
63293,165.0,118,18
63294,131.0,118,18
63295,330.0,203,28
63296,375.0,203,28
63501,110.0,106,3
63502,137.0,106,34
63505,115.0,104,14
63506,105.0,105,14
63507,110.0,104,14
63508,110.0,105,14
63509,105.0,104,14
63510,106.0,105,14
63511,115.0,104,14
63512,116.0,105,14
63513,110.0,104,14
63514,110.0,105,14
63515,110.0,104,14
63516,120.0,105,14
63517,110.0,104,14
63518,110.0,105,14
63519,115.0,104,14
63520,115.0,105,14
63521,110.0,104,14
63522,115.0,105,14
63523,115.0,104,14
63524,110.0,105,14
63525,115.0,104,14
63526,120.0,105,14
63527,43.0,42,6
63528,45.0,42,6
63529,145.0,100,18
63530,145.0,101,17
63531,110.0,72,14
63532,110.0,73,14
63533,110.0,72,14
63534,110.0,73,14
63535,110.0,72,13
63536,110.0,73,14
63537,110.0,72,14
63538,110.0,73,14
63541,120.0,88,18
63542,120.0,88,18
63543,125.0,88,18
63544,140.0,88,17
63545,80.0,58,13
63546,80.0,58,12
63547,114.0,74,15
63548,105.0,76,14
63549,193.0,124,22
63550,145.0,122,23
63551,80.0,58,13
63552,93.0,58,13
63553,895.0,479,83
63554,965.0,479,83
63561,125.0,110,16
63562,160.0,116,16
63563,130.0,110,16
63564,130.0,110,16
63565,55.0,43,5
63566,60.0,43,5
63567,200.0,154,20
63568,195.0,154,20
63569,135.0,110,14
63570,160.0,116,16
63571,275.0,131,20
63572,250.0,131,20
63573,130.0,97,13
63574,155.0,97,13
63581,150.0,111,19
63582,147.0,111,19
63583,155.0,111,19
63584,150.0,111,19
63591,190.0,137,21
63592,240.0,137,21
63593,160.0,80,15
63594,133.0,80,15
63595,310.0,193,26
63596,310.0,193,26
63597,310.0,198,29
63598,380.0,200,29
64001,135.0,88,18
64002,138.0,88,18
64003,70.0,44,10
64004,115.0,56,14
64011,125.0,65,16
64012,125.0,65,16
64013,125.0,65,16
64014,140.0,65,16
64015,125.0,65,16
64016,145.0,65,16
64017,130.0,65,16
64018,37.0,11,6
64019,160.0,65,15
64031,90.0,36,13
64032,85.0,36,12
64034,85.0,36,12
64036,85.0,36,10
64051,160.0,77,16
64052,155.0,77,17
64053,140.0,79,17
64055,165.0,79,18
64057,155.0,77,17
64061,110.0,57,13
64062,115.0,57,13
64064,100.0,57,13
64071,95.0,44,14
64073,145.0,94,16
64074,125.0,96,16
64075,95.0,53,11
64076,80.0,53,11
64077,95.0,53,11
64078,90.0,53,11
64080,85.0,53,11
64082,90.0,53,11
64084,80.0,53,11
64087,68.0,28,17
64088,27.0,7,4
64089,100.0,35,21
64090,100.0,35,21
64091,105.0,43,23
64092,105.0,35,21
64093,48.0,25,14
64094,43.0,25,14
64095,70.0,32,18
64096,50.0,25,14
64097,35.0,11,6
64098,48.0,25,14
64101,195.0,125,21
64102,185.0,125,21
64103,180.0,125,21
64104,95.0,54,10
64105,190.0,131,24
64106,140.0,82,15
64107,95.0,54,10
64108,150.0,82,15
64109,140.0,71,18
64110,185.0,131,24
64111,180.0,92,19
64112,150.0,64,14
64113,165.0,99,22
64114,180.0,131,24
64151,175.0,125,21
64152,190.0,125,21
64153,180.0,139,16
64154,85.0,78,11
64155,135.0,86,11
64156,180.0,139,16
64157,220.0,114,16
64158,90.0,86,11
64159,100.0,83,10
64160,225.0,115,18
64161,140.0,106,13
64162,100.0,83,12
64163,25.0,12,3
64164,115.0,106,13
64165,120.0,78,11
64167,365.0,185,32
64168,310.0,185,32
64201,105.0,73,13
64202,120.0,73,13
64203,100.0,73,13
64204,115.0,73,13
64205,100.0,73,13
64206,105.0,73,13
64207,100.0,73,13
64208,105.0,73,13
64209,135.0,73,14
64210,100.0,73,13
64211,100.0,73,13
64212,100.0,73,13
64213,105.0,73,13
64214,130.0,85,16
64216,140.0,85,16
64221,310.0,164,22
64222,285.0,164,22
64231,60.0,28,5
64232,65.0,28,5
64234,50.0,28,5
64235,200.0,101,17
64236,155.0,101,17
64251,90.0,73,13
64252,105.0,73,13
64253,140.0,84,16
64254,110.0,73,13
64255,145.0,84,16
64257,105.0,73,13
64260,140.0,86,15
64271,90.0,36,10
64272,80.0,36,10
64273,95.0,36,10
64274,90.0,36,10
64275,110.0,36,10
64281,210.0,139,18
64282,260.0,139,18
64401,45.0,19,5
64402,50.0,19,5
64403,45.0,19,5
64404,60.0,19,5
64406,50.0,19,5
64407,45.0,19,5
64408,50.0,19,5
64409,65.0,23,7
64410,50.0,25,8
64411,60.0,21,8
64412,45.0,19,5
64414,50.0,19,5
64415,45.0,25,6
64417,75.0,28,10
64418,75.0,28,10
64419,85.0,30,10
64420,85.0,30,9
64421,45.0,25,6
64422,50.0,25,6
64423,45.0,25,7
64424,45.0,25,7
64425,50.0,25,8
64426,60.0,25,8
64427,50.0,25,8
64428,55.0,25,7
64429,50.0,25,8
64430,50.0,25,7
64431,50.0,25,7
64432,50.0,25,7
64433,55.0,25,8
64434,70.0,28,10
64437,63.0,28,9
64439,68.0,28,9
64441,50.0,25,7
64443,90.0,28,10
64445,40.0,19,5
64449,50.0,25,8
64450,50.0,25,8
64451,155.0,88,18
64452,220.0,155,28
64453,130.0,88,18
64454,265.0,155,28
64461,255.0,164,32
64462,250.0,164,32
64463,200.0,156,18
64464,140.0,89,19
64465,235.0,156,29
64466,175.0,89,19
64470,135.0,89,19
64471,195.0,114,26
64472,195.0,114,26
64481,170.0,108,17
64482,55.0,41,7
64483,65.0,41,7
64491,95.0,53,11
64492,90.0,53,11
64493,65.0,46,8
64494,75.0,46,8
64496,135.0,89,14
64501,100.0,81,13
64502,105.0,81,13
64504,100.0,81,13
64511,350.0,238,32
64512,360.0,238,32
64513,355.0,238,32
64514,215.0,157,20
64515,240.0,157,20
64516,260.0,157,20
64517,230.0,157,20
64518,255.0,157,20
64521,145.0,113,14
64522,145.0,113,14
64523,175.0,113,14
64524,140.0,113,14
64531,130.0,88,17
64532,160.0,108,17
64533,135.0,88,18
64534,210.0,114,26
64536,160.0,88,18
64541,155.0,108,17
64542,140.0,108,17
64543,170.0,108,17
64545,75.0,41,7
64546,70.0,41,7
64547,80.0,41,7
64548,55.0,41,7
64551,225.0,135,21
64552,255.0,135,19
64553,245.0,153,24
64554,285.0,153,24
64555,120.0,59,11
64556,120.0,59,11
64557,305.0,180,28
64558,270.0,180,28
64559,350.0,180,28
64560,275.0,180,28
64561,475.0,261,40
64562,530.0,261,40
64563,305.0,215,23
64564,400.0,215,23
64565,315.0,192,30
64566,315.0,192,30
64567,218.0,103,20
64568,220.0,103,20
64569,210.0,87,13
64570,135.0,89,13
64581,245.0,161,26
64582,240.0,161,26
64583,390.0,203,31
64584,315.0,203,32
64585,25.0,5,2
64586,25.0,5,2
64587,380.0,225,29
64588,380.0,225,29
64589,105.0,78,12
64590,125.0,78,12
64591,300.0,194,31
64592,305.0,194,31
64593,125.0,77,13
64594,150.0,77,13
64595,255.0,152,20
64596,225.0,152,20
64901,240.0,118,22
64902,205.0,119,22
64903,275.0,158,27
64904,260.0,160,27
64905,200.0,134,21
64906,170.0,77,17
64908,105.0,44,14
64910,230.0,148,26
64911,125.0,71,17
64912,125.0,71,17
64913,120.0,69,17
64914,135.0,69,17
64915,130.0,69,17
64916,130.0,69,17
64931,140.0,69,17
64932,140.0,69,17
64951,190.0,83,15
64952,185.0,83,15
64953,285.0,180,26
64955,105.0,28,8
64956,95.0,28,8
64957,195.0,133,19
64958,170.0,137,19
64959,175.0,94,14
66000,45.0,21,7
66001,80.0,41,11
66002,45.0,21,7
66003,45.0,20,7
66004,45.0,21,7
66005,45.0,20,7
66006,45.0,21,11
66007,45.0,20,7
66008,125.0,68,14
66009,125.0,68,14
66010,120.0,68,14
66011,120.0,68,14
66012,80.0,41,11
66013,95.0,68,9
66014,150.0,77,11
66015,105.0,68,14
66016,115.0,70,12
66017,205.0,140,18
66018,215.0,140,18
66019,310.0,202,27
66020,315.0,204,27
66021,85.0,68,6
66022,110.0,62,13
66025,135.0,82,16
66026,120.0,82,21
66027,130.0,82,16
66028,120.0,82,21
66029,105.0,93,12
66030,105.0,93,12
66031,100.0,93,12
66032,120.0,93,12
66033,200.0,131,16
66034,205.0,131,16
66035,130.0,82,16
66036,130.0,82,21
66037,115.0,93,10
66038,140.0,93,12
66039,120.0,78,12
66040,110.0,68,14
66041,195.0,108,15
66042,175.0,108,11
66043,160.0,95,11
66044,140.0,95,14
66045,95.0,67,5
66046,80.0,67,5
66047,195.0,148,14
66048,215.0,146,15
66049,165.0,78,12
66050,120.0,77,12
66051,40.0,20,7
66052,45.0,21,7
66053,90.0,42,12
66054,30.0,20,5
66300,255.0,155,25
66301,255.0,155,25
66302,210.0,140,25
66303,210.0,142,25
66304,280.0,151,32
66305,310.0,151,32
66307,240.0,155,25
66308,255.0,155,25
66309,220.0,142,17
66310,215.0,140,17
66511,165.0,85,17
66512,150.0,86,16
66513,35.0,17,6
66514,115.0,73,15
66515,110.0,74,14
66516,30.0,16,6
66517,35.0,16,6
66518,35.0,17,6
66519,175.0,86,11
66520,135.0,87,11
66523,160.0,98,16
66524,175.0,98,16
66527,45.0,34,5
66528,45.0,34,5
66529,175.0,102,16
66530,85.0,68,12
66531,100.0,68,12
66532,145.0,85,17
66533,115.0,73,14
66534,115.0,92,13
66535,65.0,44,8
66536,65.0,44,9
66537,65.0,44,9
66538,65.0,44,9
66539,65.0,44,9
66540,75.0,44,9
66541,40.0,21,7
66542,55.0,21,7
66543,150.0,102,17
66544,140.0,102,16
66600,145.0,100,15
66601,165.0,100,15
66602,235.0,159,22
66603,250.0,159,22
66604,165.0,98,14
66605,165.0,98,14
66606,95.0,58,8
66607,105.0,58,8
66608,275.0,158,22
66609,280.0,159,22
66611,245.0,149,28
66612,255.0,150,28
67247,205.0,121,17
67248,155.0,103,18
67249,175.0,113,16
67250,180.0,113,16
67251,50.0,31,7
67253,55.0,31,7
67254,60.0,32,6
67255,45.0,25,5
67256,155.0,106,20
67257,200.0,106,20
67258,70.0,25,5
67259,65.0,32,6
67260,205.0,138,27
67261,240.0,149,26
67262,230.0,149,24
67263,220.0,138,27
67264,245.0,163,18
67265,235.0,163,18
67266,200.0,143,17
67267,245.0,163,18
67269,120.0,104,12
67270,140.0,104,12
67271,190.0,121,16
67272,160.0,122,18
67273,60.0,32,6
67274,60.0,32,6
67275,105.0,59,16
67276,115.0,59,16
67277,165.0,96,21
67278,180.0,96,21
67279,190.0,154,19
67280,205.0,154,19
67282,155.0,142,18
67291,75.0,60,10
67292,80.0,60,10
67293,95.0,60,10
67294,150.0,130,18
67295,105.0,79,15
67296,117.0,97,11
67297,225.0,138,25
67298,240.0,138,25
67299,290.0,149,27
67300,265.0,149,28
68001,170.0,148,14
68003,230.0,215,23
68004,257.0,214,23
68005,195.0,137,18
68006,180.0,137,19
68007,285.0,188,43
68008,157.0,147,14
68009,75.0,62,9
68010,100.0,62,9
68011,160.0,137,18
68012,155.0,137,18
68013,160.0,137,19
68014,190.0,137,18
68015,150.0,137,18
68016,160.0,137,18
68017,455.0,238,39
68018,460.0,238,39
68019,425.0,284,40
68020,365.0,284,41
68021,160.0,120,18
68022,160.0,120,18
68023,280.0,188,27
68024,245.0,189,27
68047,50.0,40,6
68048,55.0,40,6
68053,90.0,71,11
68054,85.0,70,11
68055,305.0,171,29
68056,275.0,170,29
68057,50.0,39,7
68058,55.0,39,7
68059,175.0,112,19
68060,200.0,112,19
68063,65.0,41,9
68069,65.0,41,9
68070,60.0,41,9
68071,140.0,70,16
68072,65.0,40,9
68073,25.0,11,5
68074,90.0,40,12
68075,35.0,29,5
68076,40.0,29,5
68077,75.0,40,9
68078,65.0,40,9
68079,90.0,37,7
68080,105.0,37,7
68081,55.0,53,8
68082,95.0,84,13
68088,230.0,121,19
68089,160.0,155,20
68090,180.0,155,20
68091,83.0,51,9
68092,80.0,51,7
68093,90.0,51,10
68094,95.0,51,10
68097,110.0,108,15
68098,115.0,108,15
68643,15.0,8,2
68644,15.0,8,2
68645,12.0,8,2
68646,15.0,8,2
68685,187.0,130,22
68686,145.0,117,18
68688,155.0,117,18
68689,153.0,117,18
68690,173.0,130,22
68701,55.0,48,10
68702,55.0,41,11
68703,55.0,48,10
68704,60.0,41,11
68705,130.0,109,18
68706,395.0,214,33
68707,60.0,48,10
68708,60.0,34,11
68709,135.0,109,18
68710,135.0,102,19
68711,90.0,73,9
68712,85.0,73,9
68713,160.0,127,17
68714,195.0,126,17
68715,150.0,127,17
68716,165.0,126,17
68717,55.0,48,10
68718,50.0,41,7
68719,140.0,112,15
68721,140.0,109,18
68723,105.0,73,9
68724,260.0,175,27
68725,60.0,48,10
68726,65.0,41,10
68727,145.0,112,15
68728,130.0,111,15
68729,125.0,109,18
68730,150.0,102,19
68731,135.0,97,15
68732,135.0,97,15
68733,140.0,97,15
68734,135.0,97,15
68735,150.0,135,18
68736,150.0,135,17
68737,175.0,135,18
68738,145.0,133,15
68739,160.0,100,13
68740,175.0,100,13
68741,170.0,133,17
68742,180.0,133,17
68743,170.0,127,17
68744,175.0,126,17
68745,315.0,209,29
68746,290.0,209,28
68747,500.0,320,37
68748,475.0,318,37
68749,340.0,215,25
68750,345.0,215,25
69101,175.0,99,20
69102,195.0,99,20
69104,90.0,35,9
69105,125.0,63,13
69106,95.0,63,13
69107,190.0,99,20
69108,165.0,99,20
69109,210.0,128,23
69110,190.0,128,24
69111,190.0,128,23
69112,200.0,128,23
69113,180.0,99,20
69114,180.0,99,20
69115,170.0,99,20
69116,80.0,63,7
69117,225.0,146,21
69118,190.0,147,21
69119,230.0,146,21
69120,205.0,147,21
69121,115.0,72,11
69122,115.0,72,11
69123,130.0,78,13
69124,135.0,78,13
69125,130.0,78,13
69126,140.0,78,13
69127,105.0,63,13
69128,100.0,63,13
69129,115.0,63,13
69130,100.0,63,13
69131,65.0,31,5
69132,65.0,31,5
69133,50.0,29,6
69134,50.0,29,6
69135,50.0,29,6
69136,50.0,29,6
69137,75.0,35,8
69138,70.0,35,8
69139,370.0,232,34
69140,290.0,206,30
69141,180.0,117,22
69142,180.0,117,22
69143,110.0,89,12
69144,110.0,89,12
69145,130.0,78,13
69146,135.0,78,13
69147,140.0,78,13
69149,430.0,265,41
69150,445.0,265,42
69151,110.0,68,13
69152,125.0,68,13
69153,85.0,54,9
69154,75.0,54,9
69161,215.0,137,20
69164,205.0,137,19
69165,105.0,65,11
69166,100.0,65,11
69167,95.0,65,9
69168,95.0,65,11
69169,265.0,160,23
69171,95.0,58,11
69172,110.0,58,12
69173,76.0,63,8
69174,100.0,89,10
69181,130.0,114,14
69182,145.0,114,14
69183,55.0,44,6
69184,60.0,44,6
69185,85.0,54,8
69186,85.0,54,8
69187,185.0,114,14
69188,170.0,114,14
69189,245.0,152,23
69190,265.0,153,23
69191,195.0,95,17
69192,175.0,95,17
69195,95.0,61,6
69196,95.0,61,6
70101,170.0,115,12
70102,135.0,119,12
70103,200.0,115,12
70104,165.0,119,12
70105,425.0,324,30
70106,420.0,326,30
71081,60.0,41,6
71082,146.0,86,13
71083,60.0,41,6
71084,52.0,41,6
71085,52.0,41,6
71086,60.0,41,6
71088,70.0,51,8
71089,185.0,105,13
71092,160.0,105,17
71093,60.0,41,6
71094,60.0,41,6
71095,155.0,105,13
71096,185.0,105,13
71401,80.0,43,6
71402,190.0,121,16
71403,110.0,77,11
71404,200.0,121,16
71405,80.0,43,6
71407,123.0,77,11
71408,98.0,77,11
71409,138.0,77,11
71410,100.0,77,11
71411,108.0,77,11
71413,555.0,265,32
71414,515.0,265,33
71415,455.0,265,33
71416,455.0,265,31
71901,65.0,51,8
71902,75.0,51,8
71903,220.0,148,22
71904,195.0,148,22
71905,100.0,51,8
71906,80.0,51,8
71907,230.0,148,22
71908,195.0,148,22
71909,205.0,136,15
71910,225.0,136,15
72171,35.0,18,4
72172,35.0,18,4
72173,35.0,18,4
72174,35.0,18,4
72175,35.0,18,4
72176,35.0,18,4
72177,35.0,18,4
72178,35.0,18,4
72179,35.0,18,4
72180,35.0,18,4
72203,85.0,34,6
72204,85.0,35,6
72205,90.0,34,6
72206,90.0,35,6
72207,90.0,34,6
72208,85.0,35,6
72209,80.0,34,6
72210,80.0,35,6
72451,260.0,95,3
72452,270.0,95,3
73011,150.0,111,19
73012,150.0,111,19
73021,110.0,59,11
73022,100.0,59,11
73031,110.0,65,13
73032,120.0,65,13
73033,75.0,44,9
73034,86.0,44,9
73035,220.0,127,23
73036,214.0,127,23
73037,70.0,54,10
73038,90.0,54,10
73151,420.0,261,48
73152,410.0,261,48
73211,65.0,10,5
73212,55.0,10,5
73213,115.0,19,12
73214,145.0,19,12
73215,50.0,6,7
73216,45.0,6,7
73261,180.0,64,12
73262,210.0,64,12
73263,155.0,64,12
73264,205.0,64,12
73421,82.0,45,13
73422,75.0,44,13
73425,85.0,45,10
73426,70.0,45,10
73427,90.0,45,11
73428,78.0,45,11
73429,85.0,47,13
73430,87.0,47,14
73451,105.0,56,10
73452,105.0,56,10
73453,93.0,56,10
73454,105.0,56,10
73461,60.0,28,5
73462,60.0,28,5
73463,60.0,28,5
73464,60.0,28,5
73538,225.0,132,18
73539,220.0,132,18
73581,110.0,61,9
73582,110.0,61,9
73901,70.0,39,2
73902,80.0,39,2
73903,65.0,39,2
73904,75.0,39,2
73905,55.0,39,2
73911,70.0,28,6
73912,74.0,28,2
73913,80.0,28,2
73914,70.0,28,6
73916,72.0,28,2
74001,150.0,82,18
74002,155.0,82,18
74003,160.0,82,18
74004,165.0,82,18
74011,135.0,69,17
74012,155.0,69,17
74013,405.0,246,41
74014,410.0,247,41
74015,180.0,138,16
74016,185.0,138,16
74017,105.0,81,8
74018,105.0,81,8
74019,150.0,89,14
74020,155.0,89,14
74021,310.0,163,36
74022,220.0,93,24
74023,180.0,93,24
74024,315.0,163,36
74025,210.0,93,24
74026,205.0,93,24
74027,135.0,54,15
74028,145.0,54,15
74029,165.0,89,14
74030,155.0,89,14
74031,25.0,11,3
74032,100.0,47,11
74033,95.0,47,11
74034,25.0,11,3
74035,25.0,11,3
74036,95.0,47,11
74037,95.0,47,11
74038,25.0,11,3
74201,345.0,172,25
74202,295.0,172,25
74301,135.0,47,9
74302,120.0,47,8
74303,120.0,47,9
74304,120.0,47,9
74305,135.0,47,9
74306,150.0,47,9
74601,95.0,49,6
74602,95.0,49,6
74603,95.0,49,6
74604,95.0,49,6
74605,95.0,49,6
74606,95.0,49,6
74607,95.0,49,6
74608,95.0,49,6
74611,120.0,89,12
74612,120.0,89,12
74613,60.0,45,6
74614,185.0,134,17
74615,200.0,134,17
74616,55.0,45,6
74617,65.0,45,6
74618,60.0,45,6
74619,175.0,134,9
74620,140.0,134,9
74621,60.0,45,6
74622,55.0,45,6
74623,55.0,45,6
74624,65.0,45,6
74625,170.0,134,17
74626,200.0,134,17
74627,180.0,134,17
74628,190.0,134,17
74629,180.0,134,17
74630,170.0,134,17
74631,140.0,89,12
74632,130.0,89,12
74633,125.0,89,12
74634,125.0,89,12
74635,120.0,89,12
74636,125.0,89,12
74637,140.0,89,12
74638,140.0,89,12
74639,125.0,89,12
74640,125.0,89,12
74641,95.0,68,10
74642,120.0,78,12
74643,110.0,78,12
74644,130.0,78,11
74645,270.0,170,22
74646,315.0,170,21
74647,85.0,56,8
74648,165.0,77,10
74651,90.0,53,9
74652,85.0,45,8
74653,78.0,45,8
74654,85.0,45,8
74655,82.0,45,8
74656,85.0,45,8
74657,78.0,45,8
74658,110.0,53,9
74661,40.0,25,4
74662,45.0,25,4
74663,40.0,25,4
74664,50.0,25,4
74671,205.0,106,17
74672,185.0,106,17
74673,178.0,98,16
74674,150.0,98,16
74675,165.0,106,16
74676,175.0,106,16
74681,135.0,77,5
74682,130.0,77,5
74683,120.0,72,4
74684,125.0,77,5
74685,125.0,72,4
74686,113.0,72,4
74687,130.0,77,5
74688,113.0,72,4
74691,110.0,58,6
74692,155.0,58,6
74801,35.0,14,2
74802,35.0,14,2
74803,30.0,14,2
74804,30.0,14,2
74805,30.0,14,2
74806,30.0,14,2
74807,30.0,14,2
74808,30.0,14,2
74809,30.0,14,2
74810,30.0,14,2
74811,30.0,14,2
74812,30.0,14,2
74813,30.0,14,2
74814,30.0,14,2
74815,30.0,14,2
74816,30.0,14,2
74817,30.0,14,2
74818,30.0,14,2
74831,265.0,185,19
74832,220.0,185,19
74833,390.0,313,29
74834,380.0,313,29
74835,665.0,471,49
74836,675.0,471,49
74837,635.0,348,39
74838,525.0,348,39
74839,285.0,208,24
74840,285.0,209,24
74841,445.0,302,35
74842,445.0,303,35
74843,300.0,208,24
74844,290.0,209,24
74845,305.0,211,28
74846,315.0,211,28
74847,300.0,211,28
74848,320.0,211,28
74849,75.0,48,8
74850,70.0,47,8
74851,75.0,48,8
74852,70.0,47,8
74853,75.0,48,8
74854,70.0,47,8
74855,155.0,142,14
74856,185.0,142,14
74857,125.0,90,9
74858,125.0,90,9
74901,175.0,115,18
74902,180.0,115,18
74903,170.0,115,18
74904,190.0,115,18
74906,90.0,53,6
74907,95.0,53,6
74909,285.0,152,19
74910,245.0,152,19
74911,80.0,42,7
74912,75.0,42,7
74913,75.0,42,7
74914,70.0,42,7
74915,70.0,42,7
74916,60.0,42,7
74917,65.0,42,7
74918,75.0,42,7
74919,70.0,42,7
74920,85.0,42,7
74923,225.0,121,18
74924,175.0,111,16
74931,200.0,117,18
74932,175.0,117,15
74933,185.0,117,18
74934,215.0,117,18
74935,220.0,117,18
74936,200.0,117,18
74937,190.0,117,18
74938,195.0,117,18
74939,175.0,117,14
74940,180.0,117,18
74941,60.0,31,2
74942,60.0,31,2
74943,60.0,31,2
74944,60.0,31,2
74945,60.0,31,2
74946,60.0,31,2
74947,60.0,31,2
74948,60.0,31,2
74951,200.0,87,17
74952,195.0,87,17
74953,185.0,87,17
74954,175.0,87,17
74961,200.0,123,20
74962,210.0,123,20
74963,210.0,123,20
74964,205.0,123,20
74965,130.0,77,15
74966,120.0,77,15
74967,130.0,77,15
74968,120.0,77,15
74969,130.0,77,15
74970,135.0,77,15
74971,125.0,88,14
74972,140.0,88,14
74973,140.0,88,14
74974,130.0,88,14
74975,160.0,88,14
74976,130.0,88,14
74977,135.0,88,14
74978,145.0,88,14
74981,120.0,80,13
74982,120.0,80,13
74983,115.0,80,13
74984,115.0,80,13
74985,185.0,122,19
74986,165.0,122,18
74987,155.0,122,14
74988,200.0,122,19
74991,330.0,215,23
74992,430.0,215,23
74993,70.0,41,7
74994,55.0,41,7
75002,375.0,220,36
75003,185.0,112,22
75004,220.0,112,22
75005,420.0,221,36
75007,360.0,220,24
75008,390.0,220,24
75009,200.0,127,22
75010,140.0,98,18
75011,250.0,138,24
75012,305.0,166,27
75013,180.0,81,19
75014,190.0,81,19
75015,205.0,81,19
75016,185.0,81,19
75101,215.0,136,22
75102,230.0,136,22
75103,195.0,126,20
75104,245.0,117,20
75105,420.0,214,37
75106,405.0,214,37
75107,225.0,118,22
75109,150.0,88,14
75111,315.0,154,25
75112,335.0,156,25
75113,290.0,156,24
75114,365.0,156,24
75115,365.0,203,30
75116,415.0,203,30
75201,95.0,53,13
75202,125.0,53,12
75207,375.0,169,23
75208,340.0,169,22
75209,270.0,105,16
75210,225.0,105,16
75211,250.0,111,19
75212,275.0,111,19
75213,95.0,29,5
75214,60.0,29,5
75221,165.0,53,12
75222,125.0,53,13
75225,395.0,187,23
75226,360.0,187,23
75227,379.0,187,29
75228,300.0,150,16
75229,300.0,150,16
75230,395.0,187,31
75231,255.0,129,18
75232,325.0,129,20
75233,150.0,82,9
75234,155.0,82,9
75235,155.0,87,13
75236,220.0,87,13
75237,230.0,159,20
75238,280.0,159,19
75253,75.0,37,8
75254,95.0,37,8
75255,250.0,132,14
75256,255.0,132,14
75271,180.0,97,17
75272,165.0,97,17
75273,180.0,97,17
75274,180.0,97,17
75279,80.0,54,7
75280,162.0,54,5
75707,350.0,217,28
75708,345.0,217,28
75713,300.0,181,20
75714,300.0,181,20
75715,375.0,210,30
75716,400.0,210,30
75717,345.0,183,29
75718,365.0,183,29
75719,420.0,251,45
75720,420.0,251,44
75721,125.0,63,12
75722,135.0,64,12
75723,250.0,208,19
75724,265.0,208,19
75727,145.0,100,8
75728,160.0,100,7
75729,270.0,167,16
75730,265.0,166,16
75733,90.0,33,8
75734,85.0,33,8
75735,90.0,33,8
75736,90.0,33,8
75737,90.0,33,8
75738,90.0,33,8
75739,90.0,33,8
75740,85.0,33,8
75743,355.0,204,33
75744,365.0,204,33
75745,175.0,107,19
75746,180.0,108,19
75747,90.0,40,11
75748,80.0,40,11
75749,145.0,61,15
75750,130.0,61,15
75901,90.0,54,4
75902,195.0,101,14
75903,195.0,101,14
75904,75.0,54,4
75905,80.0,47,4
75906,195.0,101,14
75907,205.0,101,14
75908,75.0,47,4
75911,85.0,40,8
75912,85.0,39,8
76501,30.0,17,2
76502,30.0,17,2
76503,30.0,17,2
76504,45.0,17,2
76505,140.0,81,12
76506,145.0,81,10
76507,85.0,64,10
76508,125.0,68,11
76523,95.0,62,9
76524,90.0,61,9
76525,285.0,201,31
76526,305.0,201,31
76551,270.0,157,22
76552,255.0,157,22
76553,190.0,150,15
76554,190.0,150,15
76800,55.0,26,9
76803,55.0,26,9
76804,55.0,26,9
76805,160.0,93,12
76806,150.0,93,12
76807,195.0,150,14
76808,195.0,150,14
76812,195.0,94,19
76813,65.0,28,4
76814,25.0,10,2
76815,180.0,94,19
76817,25.0,10,2
76818,90.0,27,6
76820,80.0,49,8
76821,90.0,49,9
76822,80.0,49,9
76823,85.0,49,9
76824,80.0,49,9
76825,110.0,70,16
76826,115.0,70,16
76827,90.0,49,9
76828,85.0,49,9
76829,85.0,49,9
76830,140.0,89,10
76831,125.0,89,10
76833,120.0,75,15
76834,125.0,75,15
76835,130.0,75,18
76836,135.0,75,18
76837,215.0,127,11
76838,175.0,127,11
76839,130.0,89,10
76840,120.0,89,10
76841,285.0,180,26
76842,290.0,180,27
76845,180.0,122,23
76846,205.0,122,23
76847,185.0,139,17
76848,200.0,139,17
76849,190.0,139,17
76850,180.0,139,17
76851,305.0,145,26
76852,260.0,145,25
76853,260.0,134,25
76854,240.0,134,25
77201,65.0,44,4
77202,175.0,94,15
77203,205.0,94,21
77204,190.0,94,21
77205,70.0,30,8
77206,240.0,109,20
77207,140.0,81,14
77208,175.0,80,12
77209,65.0,36,8
77211,55.0,36,8
77212,150.0,81,18
77213,85.0,44,11
77214,85.0,44,11
77215,150.0,81,18
77216,65.0,36,8
77218,165.0,81,18
77219,85.0,36,8
77220,65.0,36,7
77221,60.0,32,6
77222,100.0,59,12
77223,100.0,59,12
77224,105.0,59,12
77225,60.0,33,8
77226,60.0,33,8
77227,60.0,33,8
77228,60.0,33,8
77229,125.0,59,12
77230,85.0,32,6
77231,215.0,109,24
77232,140.0,65,14
77233,60.0,29,6
77234,65.0,36,8
77235,65.0,36,8
77237,145.0,70,18
77238,140.0,68,18
77239,95.0,47,10
77240,85.0,46,12
77241,200.0,99,21
77242,165.0,68,15
77243,145.0,49,12
77244,90.0,46,9
77245,45.0,25,5
77246,60.0,33,7
77247,60.0,33,6
77248,275.0,169,23
77249,215.0,143,19
77250,45.0,25,5
77251,225.0,141,14
77252,220.0,144,14
77253,275.0,145,13
77254,230.0,146,14
77255,190.0,142,14
77256,180.0,144,14
77257,240.0,83,5
77258,210.0,83,5
77259,190.0,148,8
77260,295.0,148,8
77261,185.0,81,18
77262,140.0,81,18
77263,85.0,44,9
77264,200.0,94,19
77265,145.0,76,11
77266,80.0,46,12
77267,115.0,65,13
77268,90.0,44,9
77269,150.0,81,18
77270,165.0,81,18
77271,120.0,44,12
77272,120.0,44,12
77273,70.0,47,3
77274,115.0,47,3
77281,50.0,31,8
77282,70.0,25,5
77283,65.0,32,6
77284,60.0,32,6
77285,55.0,25,5
77286,60.0,31,8
77287,50.0,31,8
77288,40.0,25,5
77289,65.0,32,6
77290,45.0,25,5
77291,310.0,177,23
77292,290.0,178,25
77293,145.0,70,17
77294,225.0,98,25
77295,395.0,171,36
77297,235.0,130,17
77298,550.0,272,45
77401,240.0,161,12
77402,230.0,161,12
77403,235.0,161,12
77404,225.0,161,12
77405,45.0,14,3
77406,45.0,14,3
77414,170.0,121,13
77415,170.0,122,15
77416,85.0,49,9
77417,80.0,50,9
77418,315.0,197,22
77419,305.0,197,21
77601,80.0,26,14
77602,110.0,39,23
77603,85.0,40,17
77604,60.0,25,20
77605,70.0,27,21
77606,75.0,40,17
77607,65.0,26,14
77608,60.0,26,14
77609,135.0,53,26
77610,85.0,40,17
77611,35.0,13,11
77612,45.0,13,11
77613,70.0,40,17
77614,82.0,40,17
77615,70.0,26,14
77616,95.0,26,14
77617,73.0,40,17
77618,85.0,40,17
77619,70.0,26,14
77622,80.0,52,7
77623,85.0,52,7
77630,60.0,27,14
77631,25.0,13,4
77632,25.0,13,4
77633,18.0,13,4
77634,20.0,13,4
77635,35.0,13,4
77638,20.0,13,4
77640,19.0,13,4
77641,18.0,13,4
77642,20.0,13,4
77643,20.0,13,4
77645,57.0,27,14
77647,40.0,13,4
77649,50.0,27,14
77651,225.0,108,8
77652,225.0,108,8
77653,90.0,52,4
77654,90.0,52,4
77655,225.0,108,8
77656,225.0,108,8
77657,405.0,253,19
77658,440.0,253,19
77671,140.0,105,17
77672,145.0,105,21
77673,255.0,154,18
77674,245.0,154,18
77675,220.0,154,17
77676,205.0,59,6
77677,75.0,59,6
77678,220.0,154,17
77679,110.0,39,23
77680,75.0,39,23
77681,90.0,39,23
77682,75.0,39,23
77683,225.0,151,14
77684,195.0,151,14
77689,100.0,57,5
77690,95.0,57,5
77691,160.0,151,14
77693,365.0,237,22
77694,360.0,237,21
77695,240.0,129,14
77696,270.0,129,14
78009,85.0,55,8
78010,85.0,55,8
78011,80.0,55,8
78012,110.0,72,11
78013,95.0,69,10
78014,47.0,17,5
78015,48.0,17,5
78016,96.0,69,10
78017,100.0,69,10
78018,55.0,17,5
78019,53.0,17,5
78020,77.0,51,7
78031,265.0,116,9
78032,265.0,116,9
78033,210.0,147,19
78034,220.0,147,19
78051,171.0,113,26
78052,165.0,113,26
78053,166.0,113,26
78054,170.0,113,26
78055,171.0,113,26
78056,165.0,113,26
78057,60.0,40,8
78058,55.0,40,8
78059,171.0,113,26
78060,164.0,113,26
78061,161.0,113,26
78101,125.0,96,15
78102,130.0,96,15
78103,235.0,150,23
78104,265.0,150,23
78502,60.0,27,8
78503,255.0,165,28
78504,220.0,165,28
78505,100.0,73,10
78511,40.0,16,4
78512,40.0,16,4
78513,40.0,16,4
78514,40.0,16,4
78515,40.0,16,4
78516,40.0,16,4
78517,40.0,16,4
78518,40.0,16,4
78519,40.0,16,4
78520,40.0,16,4
78531,85.0,60,10
78534,185.0,142,18
78801,150.0,89,16
78802,140.0,87,16
78803,155.0,89,16
78804,140.0,87,16
78805,140.0,89,16
78806,155.0,87,16
78807,105.0,60,12
78808,95.0,58,12
78809,140.0,89,16
78810,140.0,87,16
78811,80.0,47,9
78812,80.0,46,9
78813,80.0,47,9
78814,80.0,46,9
78815,225.0,149,19
78816,195.0,129,18
78817,125.0,89,10
78818,155.0,104,11
78819,460.0,249,28
78820,355.0,249,28
78821,165.0,89,16
78822,155.0,87,16
78824,120.0,89,10
78825,120.0,87,10
78826,120.0,87,10
78827,120.0,89,10
79301,385.0,242,26
79302,425.0,242,26
79303,255.0,188,19
79304,240.0,188,18
79305,230.0,139,20
79306,220.0,139,20
79307,60.0,21,6
79308,55.0,21,6
79309,240.0,139,20
79310,230.0,139,20
79311,55.0,21,6
79312,55.0,21,6
79313,245.0,139,20
79314,230.0,139,20
79315,55.0,21,6
79316,55.0,21,6
79317,235.0,139,20
79318,220.0,139,20
79319,55.0,21,6
79320,55.0,21,6
79321,55.0,21,6
79322,55.0,21,6
79323,55.0,21,6
79324,55.0,21,6
79325,55.0,21,6
79326,55.0,21,6
79413,105.0,51,13
79414,90.0,51,13
79415,105.0,51,13
79416,90.0,51,13
79417,100.0,51,13
79418,100.0,51,13
79419,100.0,51,13
79420,100.0,51,13
79421,100.0,51,13
79422,100.0,51,13
79423,105.0,51,13
79424,100.0,51,13
79425,100.0,51,13
79426,90.0,51,13
79427,100.0,51,13
79428,100.0,51,13
79429,115.0,63,5
79430,90.0,63,5
79431,100.0,68,10
79432,135.0,68,10
79433,185.0,109,15
79434,175.0,109,15
79435,180.0,109,15
79436,170.0,109,15
79437,195.0,118,17
79438,170.0,117,17
79441,45.0,28,5
79442,45.0,28,5
79443,50.0,28,5
79444,45.0,28,5
79445,215.0,98,14
79446,45.0,28,5
79447,45.0,28,5
79448,45.0,28,6
79449,90.0,47,7
79450,90.0,47,7
79451,45.0,28,5
79452,45.0,28,5
79453,45.0,28,5
79454,240.0,98,16
79455,170.0,105,19
79456,175.0,105,19
79457,60.0,36,2
79458,60.0,36,2
79459,60.0,36,2
79460,60.0,36,2
79481,115.0,39,2
79482,105.0,39,2
79483,105.0,39,2
79484,110.0,39,2
79485,110.0,1,2
79486,110.0,1,2
79487,110.0,1,2
79488,110.0,1,2
79489,110.0,1,2
79490,110.0,1,2
82355,1625.0,1712,7
82601,775.0,649,11
82606,720.0,649,15
82631,765.0,695,13
82635,960.0,849,18
82651,3415.0,3211,22
82652,3440.0,3212,22
82653,2585.0,2440,22
82654,2630.0,2440,18
82665,369.0,668,15
82666,368.0,663,15
90540,103.0,60,2
90981,86.0,59,2
91392,21.0,10,2
91393,20.0,10,2
91394,20.0,10,2
91395,20.0,10,2
91396,21.0,10,2
91491,20.0,10,2
93001,75.0,63,2
93002,114.0,101,2
93003,78.0,63,2
93004,80.0,63,2
93005,152.0,123,2
93006,164.0,123,2
93007,176.0,123,2
93008,113.0,89,2
93009,132.0,101,2
93010,75.0,63,2
93011,85.0,63,2
93012,75.0,63,2
93013,109.0,89,2
93014,75.0,63,2
93015,172.0,123,2
93016,155.0,123,2
93017,80.0,63,2
93018,75.0,63,2
93019,80.0,63,2
93020,133.0,113,2
93021,80.0,63,2
93022,147.0,113,2
93023,100.0,63,2
93024,75.0,63,2
93025,163.0,123,2
93026,159.0,123,2
93027,148.0,113,2
93028,166.0,123,2
93029,145.0,113,2
93030,152.0,123,2
93031,75.0,63,8
93032,75.0,63,2
93033,158.0,123,2
93034,75.0,63,9
93101,78.0,63,9
93102,80.0,63,9
93103,152.0,123,17
93104,75.0,63,9
93105,85.0,63,9
93109,80.0,63,9
95001,56.0,49,10
95002,58.0,49,8
95003,58.0,49,10
95004,62.0,49,8
95005,58.0,49,10
95006,58.0,49,8
95007,57.0,49,10
95008,58.0,49,8
95009,57.0,49,10
95010,58.0,49,8
95011,56.0,49,10
95012,59.0,49,8
95013,57.0,49,8
95101,52.0,46,9
95102,50.0,46,7
95103,53.0,46,9
95104,50.0,46,7
95105,51.0,46,9
95106,51.0,46,7
95107,50.0,46,9
95108,51.0,46,7
95109,50.0,46,9
95110,50.0,46,7
95111,50.0,46,9
95112,50.0,46,7
95113,51.0,46,9
95114,50.0,46,7
95115,50.0,46,9
95116,50.0,46,7
95117,50.0,46,9
95118,51.0,46,7
95119,50.0,46,9
95120,50.0,46,7
95121,52.0,46,9
95122,50.0,46,7
95123,50.0,46,9
95124,51.0,46,7
95125,50.0,46,9
95126,50.0,46,7
95127,51.0,46,9
95128,50.0,46,7
95129,52.0,46,9
95130,50.0,46,7
95131,50.0,46,9
95132,50.0,46,7
95134,51.0,46,7
95136,50.0,46,7
95138,50.0,46,7
95140,52.0,46,7
95142,50.0,46,7
95144,50.0,46,7
95201,18.0,14,5
95202,19.0,14,3
95203,22.0,14,5
95204,18.0,14,3
95205,19.0,14,5
95206,19.0,14,3
95207,20.0,14,5
95208,20.0,14,3
95209,19.0,14,5
95210,19.0,14,3
95211,19.0,14,5
95212,20.0,14,3
95213,19.0,14,5
95214,20.0,14,3
95215,22.0,14,5
95216,20.0,14,3
95217,21.0,14,5
95218,19.0,14,3
95219,19.0,14,5
95220,19.0,14,3
95221,18.0,14,5
95222,19.0,14,3
95223,21.0,14,5
95224,19.0,14,3
95225,20.0,14,5
95226,19.0,14,3
95227,19.0,14,5
95228,19.0,14,3
95229,20.0,14,5
95230,20.0,14,3
95231,20.0,14,5
95232,19.0,14,3
95233,20.0,14,5
95234,21.0,14,3
95235,19.0,14,5
95236,19.0,14,3
95237,19.0,14,5
95239,21.0,14,5
95241,21.0,14,5
95301,12.0,6,4
95302,12.0,6,2
95303,13.0,6,4
95304,12.0,6,2
95305,12.0,6,4
95306,12.0,6,2
95307,12.0,6,4
95308,12.0,6,2
95309,13.0,6,4
95310,12.0,6,2
95311,14.0,6,4
95312,12.0,6,2
95313,12.0,6,4
95314,12.0,6,2
95315,12.0,6,4
95316,12.0,6,2
95317,11.0,6,4
95318,13.0,6,2
95319,13.0,6,4
95320,12.0,6,2
95321,11.0,6,4
95322,12.0,6,2
95323,12.0,6,4
95324,12.0,6,2
95325,12.0,6,4
95326,12.0,6,2
95327,14.0,6,4
95328,12.0,6,2
95329,12.0,6,4
95330,12.0,6,2
95331,12.0,6,4
95332,12.0,6,2
95334,14.0,6,2
95336,13.0,6,2
95338,13.0,6,2
95340,13.0,6,2
95342,12.0,6,2
95401,76.0,67,12
95402,70.0,67,10
95403,70.0,67,12
95404,71.0,67,10
95405,71.0,67,12
95406,73.0,67,10
95407,73.0,67,12
95408,72.0,67,10
95409,70.0,67,12
95410,71.0,67,10
95411,70.0,67,12
95412,70.0,67,10
95413,70.0,67,12
95414,71.0,67,10
95415,70.0,67,12
95416,71.0,67,10
95417,70.0,67,12
95418,70.0,67,10
95419,72.0,67,12
95420,71.0,67,10
95421,71.0,67,12
95422,71.0,67,10
95423,71.0,67,12
95424,70.0,67,10
95425,71.0,67,12
95426,70.0,67,10
95428,70.0,67,10
95430,70.0,67,10
95501,35.0,32,7
95502,36.0,32,5
95503,39.0,32,7
95504,37.0,32,5
95505,35.0,32,7
95506,37.0,32,5
95507,35.0,32,7
95508,35.0,32,5
95509,36.0,32,7
95510,35.0,32,5
95511,36.0,32,7
95512,40.0,32,5
95513,38.0,32,7
95514,36.0,32,5
95515,38.0,32,7
95516,37.0,32,5
95517,35.0,32,7
95601,16.0,10,4
95602,15.0,10,2
95603,17.0,10,4
95604,15.0,10,2
95605,16.0,10,4
95606,16.0,10,2
95607,15.0,10,4
95608,15.0,10,2
95609,16.0,10,4
95610,15.0,10,2
95611,15.0,10,4
95612,15.0,10,2
95613,16.0,10,4
95614,15.0,10,2
95615,15.0,10,4
95616,15.0,10,2
95617,16.0,10,4
95619,15.0,10,4
95701,60.0,53,7
95702,80.0,53,17
95703,60.0,53,9
95704,62.0,53,9
95705,59.0,53,9
95706,59.0,44,12
95707,72.0,53,16
95708,74.0,53,13
95709,72.0,53,16
95710,76.0,53,14
95711,73.0,53,17
95712,62.0,53,9
95713,49.0,44,6
95714,76.0,53,14
95715,73.0,53,14
95716,76.0,53,13
95717,62.0,53,8
95718,75.0,53,14
95719,62.0,53,8
95720,74.0,53,14
95721,72.0,53,19
95722,50.0,44,6
95723,49.0,44,7
95724,61.0,53,8
95725,47.0,44,7
95726,62.0,53,8
95727,74.0,53,14
95728,75.0,53,14
95729,60.0,44,12
95730,49.0,44,6
95731,74.0,53,13
95732,72.0,53,13
95733,73.0,53,14
95734,45.0,44,6
95735,60.0,44,12
95736,73.0,53,13
95737,78.0,53,14
95738,75.0,53,14
95739,63.0,53,9
95740,62.0,53,2
95741,76.0,53,14
95742,73.0,53,14
95743,81.0,53,17
95744,62.0,53,8
95745,62.0,53,9
95746,60.0,53,9
95801,65.0,48,11
95802,67.0,48,12
95804,66.0,48,11
95805,70.0,48,14
95808,67.0,48,11
95901,39.0,33,6
95902,44.0,33,7
95903,42.0,33,7
95904,45.0,33,7
95905,41.0,33,5
95906,43.0,33,7
95907,41.0,33,6
95908,45.0,33,7
95909,41.0,33,6
95910,43.0,33,7
95911,42.0,33,6
95912,44.0,33,7
95913,50.0,33,10
95917,43.0,33,6
95919,51.0,33,9
96001,5.0,2,2
96002,7.0,2,2
96003,58.0,49,10
96004,7.0,2,2
96005,5.0,2,2
96006,7.0,2,2
96007,5.0,2,2
96008,7.0,2,2
96009,5.0,2,2
96010,7.0,2,2
96011,5.0,2,2
96012,7.0,2,2
96013,5.0,2,2
96014,7.0,2,2
96015,5.0,2,2
96016,7.0,2,2
96017,5.0,2,2
96018,7.0,2,2
96019,57.0,49,10
96020,60.0,49,8
96022,7.0,2,2
96101,53.0,46,9
96102,52.0,46,7
96103,51.0,46,9
96104,51.0,46,7
96105,51.0,46,9
96106,51.0,46,7
96107,52.0,46,9
96108,51.0,46,7
96109,51.0,46,9
96110,51.0,46,7
96111,61.0,46,9
96112,50.0,46,7
96113,52.0,46,9
96114,141.0,99,30
96115,51.0,46,9
96116,138.0,99,30
96117,51.0,46,9
96119,51.0,46,9
96121,51.0,46,9
96201,20.0,14,5
96202,18.0,14,3
96203,18.0,14,5
96204,18.0,14,3
96205,20.0,14,5
96206,17.0,14,3
96207,20.0,14,5
96208,20.0,14,3
96209,21.0,14,5
96210,19.0,14,3
96211,21.0,14,5
96212,20.0,14,3
96213,20.0,14,5
96214,25.0,14,3
96215,19.0,14,5
96216,21.0,14,3
96217,20.0,14,5
96218,19.0,14,3
96219,20.0,14,5
96220,19.0,14,3
96221,19.0,14,5
96222,21.0,14,3
96223,20.0,14,5
96224,21.0,14,3
96225,20.0,14,5
96226,19.0,14,3
96227,20.0,14,5
96228,19.0,14,3
96232,21.0,14,3
96234,20.0,14,3
96236,108.0,67,26
96301,13.0,6,4
96302,13.0,6,2
96303,13.0,6,4
96304,12.0,6,2
96305,14.0,6,4
96306,13.0,6,2
96307,12.0,6,4
96308,12.0,6,2
96309,13.0,6,4
96310,12.0,6,2
96311,12.0,6,4
96312,14.0,6,2
96313,13.0,6,4
96314,13.0,6,2
96315,12.0,6,4
96316,12.0,6,2
96317,13.0,6,4
96318,12.0,6,2
96319,13.0,6,4
96320,13.0,6,2
96321,13.0,6,4
96322,12.0,6,2
96323,13.0,6,4
96324,13.0,6,2
96325,13.0,6,4
96326,12.0,6,2
96327,13.0,6,4
96328,12.0,6,2
96329,14.0,6,4
96330,13.0,6,2
96331,13.0,6,4
96332,12.0,6,2
96333,13.0,6,4
96334,12.0,6,2
96335,13.0,6,4
96336,102.0,59,25
96337,12.0,6,4
96339,14.0,6,4
96341,14.0,6,4
96343,13.0,6,4
96345,13.0,6,4
96401,77.0,67,12
96402,70.0,67,10
96403,73.0,67,12
96404,70.0,67,10
96405,70.0,67,12
96406,72.0,67,10
96407,69.0,67,12
96409,70.0,67,12
96501,21.0,21,4
96502,38.0,32,5
96503,35.0,32,7
96504,37.0,32,5
96505,37.0,32,7
96506,37.0,32,5
96507,36.0,32,7
96508,36.0,32,5
96509,35.0,32,7
96510,36.0,32,5
96511,35.0,32,7
96512,36.0,32,5
96513,35.0,32,7
96514,35.0,32,5
96515,36.0,32,7
96516,37.0,32,5
96517,35.0,32,7
96518,37.0,32,5
96519,35.0,32,7
96520,40.0,32,5
96521,35.0,32,7
96522,34.0,32,5
96524,34.0,32,5
96601,15.0,10,4
96602,15.0,10,2
96603,15.0,10,4
96604,15.0,10,2
96605,15.0,10,4
96606,15.0,10,2
96607,15.0,10,4
96608,15.0,10,2
96609,15.0,10,4
96610,15.0,10,2
96611,14.0,10,4
96612,11.0,10,2
96613,15.0,10,4
96614,15.0,10,2
96615,15.0,10,4
96616,15.0,10,2
96617,15.0,10,4
96618,17.0,10,2
96619,15.0,10,4
96620,15.0,10,2
96621,15.0,10,4
96622,17.0,10,2
96623,15.0,10,4
96624,17.0,10,2
96625,15.0,10,4
96626,15.0,10,2
96627,14.0,10,4
96628,15.0,10,2
96629,14.0,10,4
96630,15.0,10,2
96631,15.0,10,4
96632,15.0,10,2
96633,15.0,10,4
96634,15.0,10,2
96635,15.0,10,4
96636,15.0,10,2
96637,16.0,10,4
96638,15.0,10,2
96639,15.0,10,4
96640,16.0,10,2
96641,15.0,10,4
96642,15.0,10,2
96643,15.0,10,4
96644,15.0,10,2
96645,15.0,10,4
96646,16.0,10,2
96647,15.0,10,4
96648,15.0,10,2
96649,15.0,10,4
96650,16.0,10,2
96651,15.0,10,4
96652,15.0,10,2
96653,15.0,10,4
96654,15.0,10,2
96655,15.0,10,4
96656,15.0,10,2
96657,103.0,64,27
96658,16.0,10,2
96660,15.0,10,2
97000,88.0,53,2
97001,56.0,35,14
97002,87.0,53,24
97003,57.0,35,14
97004,87.0,53,24
97005,57.0,35,14
97006,88.0,53,24
97007,57.0,35,14
97008,87.0,53,24
97009,57.0,35,14
97010,88.0,53,24
97011,90.0,53,24
97012,68.0,44,17
97013,58.0,35,13
97014,87.0,53,24
97015,88.0,53,24
97016,90.0,53,24
97017,88.0,53,24
97018,88.0,53,24
97019,88.0,53,24
97020,88.0,53,24
97021,88.0,53,24
97022,89.0,53,24
97023,68.0,44,17
97024,89.0,53,24
97025,86.0,53,24
97026,69.0,44,17
97027,87.0,53,24
97028,70.0,44,17
97029,87.0,53,23
97030,90.0,53,24
97031,90.0,53,24
97032,91.0,53,24
97033,32.0,20,8
97034,89.0,53,24
97035,71.0,44,17
97036,88.0,53,24
97037,89.0,53,24
97038,88.0,53,24
97039,87.0,53,24
97040,88.0,53,24
97041,88.0,53,24
97042,59.0,37,15
97043,72.0,44,17
97044,88.0,53,24
97045,72.0,44,17
97046,31.0,20,8
97047,89.0,53,24
97048,90.0,53,24
97049,87.0,53,24
97050,72.0,44,17
97051,62.0,37,15
97052,90.0,53,24
97053,87.0,53,24
97054,89.0,53,24
97055,87.0,53,24
97056,31.0,20,8
97057,89.0,53,24
97058,88.0,53,24
97059,87.0,53,24
97060,88.0,53,24
97061,87.0,53,24
97062,89.0,53,24
97063,69.0,44,17
97064,58.0,37,15
97065,91.0,53,24
97066,88.0,53,24
97067,92.0,53,24
97068,88.0,53,24
97069,87.0,53,24
97070,89.0,53,24
97071,87.0,53,24
97072,69.0,44,17
97073,32.0,20,8
97074,91.0,53,24
97075,87.0,53,24
97076,89.0,53,24
97077,59.0,37,15
97078,88.0,53,24
97079,87.0,53,24
97080,89.0,53,24
97081,88.0,53,24
97082,88.0,53,24
97083,87.0,53,24
97084,87.0,53,24
97085,87.0,53,24
97086,31.0,20,8
97087,70.0,44,17
97088,92.0,53,24
97089,87.0,53,24
97090,89.0,53,24
97091,89.0,53,24
97092,69.0,44,17
97093,87.0,53,24
97094,91.0,20,8
97095,89.0,53,24
97096,86.0,53,24
97097,60.0,37,15
97098,68.0,44,17
97099,59.0,35,14
97100,88.0,53,24
97101,90.0,53,24
97102,89.0,53,24
97103,90.0,53,24
97104,90.0,53,24
97105,89.0,53,24
97106,88.0,53,24
97107,69.0,44,17
97108,88.0,53,24
97109,55.0,35,14
97110,68.0,44,17
97111,88.0,53,24
97112,87.0,53,24
97113,88.0,53,24
97114,88.0,53,24
97115,73.0,44,17
97116,58.0,37,15
97117,89.0,53,24
97118,31.0,20,8
97119,88.0,53,24
97120,72.0,44,17
97121,71.0,44,17
97122,90.0,53,24
97123,74.0,44,17
97124,89.0,53,24
97125,88.0,53,24
97126,68.0,44,17
97127,88.0,53,24
97128,87.0,53,24
97129,88.0,53,24
97130,32.0,20,8
97131,61.0,37,15
97132,71.0,44,17
97133,88.0,53,24
97134,70.0,44,17
97135,70.0,44,17
97136,87.0,53,24
97137,72.0,44,17
97138,69.0,44,17
97139,89.0,53,24
97140,60.0,37,15
97141,72.0,44,17
97142,91.0,53,24
97143,71.0,44,17
97144,88.0,53,24
97145,70.0,44,17
97146,89.0,53,24
97147,88.0,53,24
97148,59.0,37,15
97149,88.0,53,24
97150,32.0,20,8
97151,89.0,53,24
97152,31.0,20,8
97153,89.0,53,24
97155,69.0,44,17
97201,78.0,48,22
97202,79.0,48,22
97203,78.0,48,22
97204,81.0,48,22
97205,78.0,48,22
97206,80.0,48,22
97207,78.0,48,22
97208,81.0,48,22
97209,78.0,48,22
97210,81.0,48,22
97211,77.0,48,22
97212,62.0,39,15
97213,79.0,48,22
97214,80.0,48,22
97215,77.0,48,22
97216,80.0,48,22
97217,77.0,48,22
97218,82.0,48,22
97219,79.0,48,22
97220,80.0,48,22
97221,78.0,48,22
97222,80.0,48,22
97223,78.0,48,22
97224,82.0,48,22
97225,78.0,48,22
97226,80.0,48,22
97227,81.0,48,22
97228,81.0,48,22
97229,79.0,48,22
97230,80.0,48,22
97231,78.0,48,22
97232,79.0,48,22
97233,77.0,48,22
97234,62.0,39,15
97235,62.0,39,15
97236,79.0,48,22
97237,60.0,39,15
97238,80.0,48,22
97239,81.0,48,22
97240,79.0,48,22
97241,79.0,48,22
97242,83.0,48,22
97243,79.0,48,22
97244,82.0,48,22
97245,78.0,48,22
97246,80.0,48,22
97247,62.0,39,15
97248,81.0,48,22
97249,78.0,48,22
97250,80.0,48,22
97251,78.0,48,22
97252,84.0,48,22
97253,80.0,48,22
97254,61.0,39,15
97255,78.0,48,22
97256,81.0,48,22
97258,81.0,48,22
97260,60.0,39,15
97301,56.0,33,17
97302,56.0,33,17
97303,56.0,33,17
97304,56.0,33,17
97305,56.0,33,17
97306,56.0,33,17
97307,56.0,33,17
97308,56.0,33,17
97309,56.0,33,17
97310,58.0,33,17
97311,56.0,33,17
97312,56.0,33,17
97313,56.0,33,17
97314,58.0,33,17
97315,56.0,33,17
97316,56.0,33,17
97317,56.0,33,17
97318,56.0,33,17
97319,56.0,33,17
97320,56.0,33,17
97321,56.0,33,17
97322,56.0,33,17
97323,58.0,33,17
97324,56.0,33,17
97325,56.0,33,17
97326,56.0,33,17
97327,59.0,33,17
97328,56.0,33,17
97329,56.0,33,17
97330,59.0,33,17
97331,57.0,33,17
97332,58.0,33,17
97333,56.0,33,17
97334,58.0,33,17
97335,56.0,33,17
97336,58.0,33,17
97337,57.0,33,17
97338,57.0,33,17
97339,55.0,33,17
97340,58.0,33,17
97341,55.0,33,17
97342,58.0,33,17
97343,58.0,33,17
97344,58.0,33,17
97345,57.0,33,17
97346,58.0,33,17
97347,60.0,33,17
97348,60.0,33,17
97349,56.0,33,17
97350,59.0,33,17
97351,56.0,33,17
97352,58.0,33,17
97353,55.0,33,17
97354,58.0,33,17
97355,56.0,33,17
97356,58.0,33,17
97357,56.0,33,17
97358,58.0,33,17
97359,56.0,33,17
97360,58.0,33,17
97361,60.0,33,17
97362,59.0,33,17
97363,56.0,33,17
97364,58.0,33,17
97365,56.0,33,17
97366,58.0,33,17
97367,56.0,33,17
97368,58.0,33,17
97369,55.0,33,17
97370,59.0,33,17
97371,56.0,33,17
97372,58.0,33,17
97373,57.0,33,17
97374,58.0,33,17
97375,38.0,24,10
97376,58.0,33,17
97377,56.0,33,17
97378,59.0,33,17
97379,56.0,33,17
97380,58.0,33,17
97381,56.0,33,17
97382,57.0,33,17
97383,57.0,33,17
97384,38.0,24,10
97385,56.0,33,17
97386,58.0,33,17
97387,56.0,33,17
97388,57.0,33,17
97389,56.0,33,17
97390,57.0,33,17
97391,56.0,33,17
97392,57.0,33,17
97393,56.0,33,17
97394,58.0,33,17
97395,56.0,33,17
97396,57.0,33,17
97397,56.0,33,17
97398,58.0,33,17
97399,58.0,33,17
97400,55.0,33,17
97401,57.0,33,17
97402,57.0,33,17
97403,56.0,33,17
97404,59.0,33,17
97405,56.0,33,17
97406,38.0,24,10
97407,56.0,33,17
97408,58.0,33,17
97409,39.0,24,10
97410,40.0,24,10
97411,55.0,33,17
97412,59.0,33,17
97413,57.0,33,17
97414,58.0,33,17
97415,38.0,24,10
97416,59.0,33,17
97417,56.0,33,17
97418,57.0,33,17
97419,56.0,33,17
97420,39.0,24,10
97421,56.0,33,17
97422,58.0,33,17
97423,55.0,33,17
97424,38.0,24,10
97425,55.0,33,17
97426,58.0,33,17
97427,55.0,33,17
97428,58.0,33,17
97429,39.0,24,10
97430,39.0,24,10
97431,55.0,33,17
97432,58.0,33,17
97433,56.0,33,17
97434,60.0,33,17
97435,55.0,33,17
97436,58.0,33,17
97437,56.0,33,17
97438,58.0,33,17
97439,56.0,33,17
97440,59.0,33,17
97441,55.0,33,17
97442,39.0,24,10
97444,59.0,33,16
97445,56.0,33,16
97446,58.0,33,16
97501,34.0,19,12
97502,37.0,19,12
97503,34.0,19,12
97504,37.0,19,12
97601,28.0,15,10
97602,30.0,15,10
97603,28.0,15,10
97604,30.0,15,10
97605,28.0,15,10
97606,30.0,15,10
97607,28.0,15,10
97608,30.0,15,10
97609,30.0,15,10
97610,30.0,15,10
97611,28.0,15,10
97612,31.0,15,10
97613,28.0,15,10
97614,31.0,15,10
97615,31.0,15,10
97616,30.0,15,10
97617,29.0,15,10
97618,30.0,15,10
97619,30.0,15,10
97620,30.0,15,10
97621,28.0,15,10
97622,30.0,15,10
97623,28.0,15,10
97624,29.0,15,10
97625,28.0,15,10
97626,30.0,15,10
97627,28.0,15,10
97628,30.0,15,10
97629,28.0,15,10
97630,30.0,15,10
97631,28.0,15,10
97632,30.0,15,10
97633,29.0,15,10
97634,31.0,15,10
97635,28.0,15,10
97636,30.0,15,10
97637,29.0,15,10
97638,30.0,15,10
97639,28.0,15,10
97640,31.0,15,10
97641,28.0,15,10
97642,31.0,15,10
97643,28.0,15,10
97644,30.0,15,10
97645,29.0,15,10
97646,30.0,15,10
97647,29.0,15,10
97648,30.0,15,10
97649,29.0,15,10
97651,29.0,15,10
97653,29.0,15,10
97655,29.0,15,10
98000,77.0,49,2
98001,77.0,49,2
98002,77.0,49,2
98003,77.0,49,2
98004,77.0,49,2
98005,77.0,49,2
98006,77.0,49,2
98007,77.0,49,2
98008,77.0,49,2
98009,77.0,49,2
98010,77.0,49,2
98011,77.0,49,2
98012,77.0,49,2
98013,31.0,20,2
98014,77.0,49,2
98015,77.0,49,2
98016,78.0,49,2
98017,77.0,49,2
98018,60.0,39,2
98019,77.0,49,2
98020,78.0,49,2
98021,30.0,20,2
98022,78.0,49,2
98023,77.0,49,2
98024,77.0,49,2
98025,77.0,49,2
98026,59.0,39,2
98027,77.0,49,2
98028,77.0,49,2
98029,77.0,49,2
98030,77.0,49,2
98031,62.0,39,2
98032,59.0,39,2
98033,77.0,49,2
98034,77.0,49,2
98035,78.0,49,2
98036,77.0,49,2
98037,80.0,49,2
98038,77.0,49,2
98039,77.0,49,2
98040,59.0,39,2
98041,77.0,49,2
98042,77.0,49,2
98043,77.0,49,2
98044,78.0,49,2
98045,77.0,49,2
98046,78.0,49,2
98047,77.0,49,2
98048,77.0,49,2
98049,77.0,49,2
98050,77.0,49,2
98051,59.0,39,2
98052,77.0,49,2
98053,77.0,49,2
98054,77.0,49,2
98055,78.0,49,2
98056,79.0,49,2
98057,78.0,49,2
98058,77.0,49,2
98059,77.0,49,2
98060,77.0,49,2
98061,77.0,49,2
98062,77.0,49,2
98063,78.0,49,2
98064,77.0,49,2
98065,77.0,49,2
98066,78.0,49,2
98067,77.0,49,2
98068,77.0,49,2
98069,77.0,49,2
98070,77.0,49,2
98071,77.0,49,2
98072,77.0,49,2
98073,77.0,49,2
98074,77.0,49,2
98075,80.0,49,2
98076,77.0,49,2
98077,77.0,49,2
98078,81.0,49,2
98079,77.0,49,2
98080,80.0,49,2
98081,77.0,49,2
98082,78.0,49,2
98083,60.0,39,2
98084,78.0,49,2
98085,77.0,49,2
98087,77.0,49,2
98088,77.0,49,2
98089,77.0,49,2
98090,77.0,49,2
98091,77.0,49,2
98092,77.0,49,2
98093,78.0,49,2
98094,77.0,49,2
98095,78.0,49,2
98096,77.0,49,2
98097,77.0,49,2
98098,77.0,49,2
98099,77.0,49,2
98100,77.0,49,2
98101,77.0,49,2
98102,77.0,49,2
98103,60.0,39,2
98104,77.0,49,2
98105,77.0,49,2
98106,78.0,49,2
98107,77.0,49,2
98108,80.0,49,2
98109,79.0,49,2
98110,77.0,49,2
98111,78.0,49,2
98112,77.0,49,2
98113,77.0,49,2
98114,77.0,49,2
98115,77.0,49,2
98116,77.0,49,2
98117,77.0,49,2
98118,79.0,49,2
98119,78.0,49,2
98120,78.0,49,2
98121,77.0,49,2
98122,78.0,49,2
98123,77.0,49,2
98124,79.0,49,2
98125,77.0,49,2
98126,78.0,49,2
98127,77.0,49,2
98128,77.0,49,2
98129,77.0,49,2
98130,77.0,49,2
98131,79.0,49,2
98132,79.0,49,2
98133,63.0,39,2
98134,61.0,39,2
98135,80.0,49,2
98136,79.0,49,2
98137,78.0,49,2
98138,78.0,49,2
98139,77.0,49,2
98140,81.0,49,2
98141,77.0,49,2
98142,79.0,49,2
98143,60.0,39,2
98144,59.0,39,2
98145,78.0,49,2
98146,77.0,49,2
98147,77.0,49,2
98148,77.0,49,2
98149,60.0,39,2
98150,77.0,49,2
98151,79.0,49,2
98152,77.0,49,2
98153,78.0,49,2
98154,77.0,49,2
98155,78.0,49,2
98156,77.0,49,2
98157,78.0,49,2
98158,77.0,49,2
98159,77.0,49,2
98160,79.0,49,2
98161,77.0,49,2
98162,78.0,49,2
98163,79.0,49,2
98164,78.0,49,2
98165,77.0,49,2
98166,30.0,20,2
98167,60.0,39,2
98168,79.0,49,2
98169,77.0,49,2
98170,78.0,49,2
98171,78.0,49,2
98172,78.0,49,2
98173,59.0,39,2
98174,78.0,49,2
98175,78.0,49,2
98176,78.0,49,2
98177,60.0,39,2
98178,78.0,49,2
98179,78.0,49,2
98180,77.0,49,2
98181,60.0,39,2
98182,78.0,49,2
98183,77.0,49,2
98184,77.0,49,2
98185,77.0,49,2
98186,78.0,49,2
98187,60.0,39,2
98188,77.0,49,2
98189,77.0,49,2
98190,77.0,49,2
98191,77.0,49,2
98192,78.0,49,2
98193,78.0,49,2
98194,77.0,49,2
98195,79.0,49,2
98196,15.0,10,2
98197,78.0,49,2
98198,78.0,49,2
98199,78.0,49,2
98200,30.0,20,2
98201,78.0,49,2
98202,78.0,49,2
98203,77.0,49,2
98204,80.0,49,2
98205,77.0,49,2
98207,77.0,49,2
98208,15.0,10,2
98209,77.0,49,2
98211,77.0,49,2
98213,77.0,49,2
98214,15.0,10,2
98215,78.0,49,2
98300,64.0,38,2
98301,64.0,38,2
98302,64.0,38,2
98303,63.0,38,2
98304,64.0,38,2
98305,63.0,38,2
98306,64.0,38,2
98307,66.0,38,2
98308,64.0,38,2
98309,46.0,28,2
98310,64.0,38,2
98311,63.0,38,2
98312,63.0,38,2
98313,63.0,38,2
98314,63.0,38,2
98315,63.0,38,2
98316,63.0,38,2
98317,63.0,38,2
98318,63.0,38,2
98319,63.0,38,2
98320,63.0,38,2
98321,46.0,28,2
98322,63.0,38,2
98323,65.0,38,2
98324,63.0,38,2
98325,63.0,38,2
98326,63.0,38,2
98327,63.0,38,2
98328,65.0,38,2
98329,48.0,28,2
98330,63.0,38,2
98331,63.0,38,2
98332,63.0,38,2
98333,63.0,38,2
98334,45.0,28,2
98335,65.0,38,2
98336,65.0,38,2
98337,63.0,38,2
98338,45.0,28,2
98339,64.0,38,2
98340,45.0,28,2
98341,63.0,38,2
98342,64.0,38,2
98343,63.0,38,2
98344,63.0,38,2
98345,64.0,38,2
98346,63.0,38,2
98347,63.0,38,2
98348,63.0,38,2
98349,64.0,38,2
98350,64.0,38,2
98351,64.0,38,2
98352,64.0,38,2
98353,65.0,38,2
98354,63.0,38,2
98355,46.0,28,2
98356,63.0,38,2
98357,63.0,38,2
98358,63.0,38,2
98359,63.0,38,2
98360,64.0,38,2
98361,63.0,38,2
98362,64.0,38,2
98363,63.0,38,2
98364,48.0,28,2
98365,64.0,38,2
98366,63.0,38,2
98367,46.0,28,2
98368,65.0,38,2
98369,63.0,38,2
98370,64.0,38,2
98371,63.0,38,2
98372,67.0,38,2
98373,64.0,38,2
98374,64.0,38,2
98375,65.0,38,2
98376,63.0,38,2
98377,63.0,38,2
98378,65.0,38,2
98379,64.0,38,2
98380,66.0,38,2
98381,65.0,38,2
98382,63.0,38,2
98384,45.0,28,2
98386,63.0,38,2
98388,67.0,38,2
98390,64.0,38,2
98392,63.0,38,2
98394,63.0,38,2
98500,48.0,28,2
98501,47.0,28,2
98502,48.0,28,2
98503,48.0,28,2
98504,48.0,28,2
98505,47.0,28,2
98506,48.0,28,2
98507,29.0,19,2
98508,48.0,28,2
98509,48.0,28,2
98510,48.0,28,2
98511,47.0,28,2
98512,48.0,28,2
98513,48.0,28,2
98514,30.0,19,2
98515,47.0,28,2
98516,48.0,28,2
98517,47.0,28,2
98518,48.0,28,2
98519,48.0,28,2
98520,48.0,28,2
98521,48.0,28,2
98522,48.0,28,2
98523,47.0,28,2
98524,49.0,28,2
98525,47.0,28,2
98526,49.0,28,2
98527,29.0,19,2
98528,48.0,28,2
98529,47.0,28,2
98530,48.0,28,2
98531,47.0,28,2
98532,48.0,28,2
98533,47.0,28,2
98535,47.0,28,2
98537,47.0,28,2
98538,30.0,19,2
98539,47.0,28,2
98540,48.0,28,2
98541,47.0,28,2
98543,48.0,28,2
98544,48.0,28,2
98545,49.0,28,2
98546,30.0,19,2
98547,49.0,28,2
98548,48.0,28,2
98549,47.0,28,2
98550,48.0,28,2
98551,48.0,28,2
98552,48.0,28,2
98553,49.0,28,2
98554,48.0,28,2
98555,48.0,28,2
98556,49.0,28,2
98557,47.0,28,2
98558,30.0,19,2
98559,47.0,28,2
98560,48.0,28,2
98561,47.0,28,2
98562,30.0,19,2
98563,48.0,28,2
98564,48.0,28,2
98565,47.0,28,2
98566,48.0,28,2
98567,47.0,28,2
98568,50.0,28,2
98569,47.0,28,2
98570,32.0,19,2
98571,47.0,28,2
98572,50.0,28,2
98573,47.0,28,2
98574,48.0,28,2
98575,47.0,28,2
98576,48.0,28,2
98577,47.0,28,2
98578,30.0,19,2
98580,31.0,19,2
98600,41.0,21,2
98601,44.0,21,2
98602,41.0,21,2
98603,44.0,21,2
98604,36.0,17,2
98605,33.0,17,2
98700,20.0,10,2
98701,20.0,10,2
98702,21.0,10,2
98703,20.0,10,2
98704,21.0,10,2
98705,20.0,10,2
98706,21.0,10,2
98707,20.0,10,2
98708,21.0,10,2
98709,20.0,10,2
98710,21.0,10,2
98711,20.0,10,2
98712,21.0,10,2
98713,20.0,10,2
98714,21.0,10,2
98715,20.0,10,2
98716,21.0,10,2
98717,20.0,10,2
98718,21.0,10,2
98719,20.0,10,2
98720,21.0,10,2
98721,20.0,10,2
98722,21.0,10,2
98723,20.0,10,2
98724,21.0,10,2
98725,20.0,10,2
98726,21.0,10,2
98727,20.0,10,2
98728,21.0,10,2
98729,20.0,10,2
98730,21.0,10,2
98731,20.0,10,2
98732,21.0,10,2
98733,20.0,10,2
98734,21.0,10,2
98735,21.0,10,2
98736,21.0,10,2
98737,20.0,10,2
98738,21.0,10,2
98739,20.0,10,2
98740,21.0,10,2
98741,20.0,10,2
98742,21.0,10,2
98743,20.0,10,2
98744,21.0,10,2
98745,20.0,10,2
98746,20.0,10,2
98747,20.0,10,2
98748,20.0,10,2
98749,20.0,10,2
98750,21.0,10,2
98751,20.0,10,2
98752,21.0,10,2
98753,20.0,10,2
98754,21.0,10,2
98755,20.0,10,2
98756,21.0,10,2
98757,20.0,10,2
98758,21.0,10,2
98759,20.0,10,2
98760,20.0,10,2
98761,20.0,10,2
98762,21.0,10,2
98763,20.0,10,2
98764,20.0,10,2
98765,20.0,10,2
98766,20.0,10,2
98767,20.0,10,2
98768,22.0,10,2
98769,20.0,10,2
98770,21.0,10,2
98771,20.0,10,2
98772,20.0,10,2
98773,21.0,10,2
98774,20.0,10,2
98775,20.0,10,2
98776,20.0,10,2
98777,20.0,10,2
98778,20.0,10,2
98779,20.0,10,2
98780,20.0,10,2
98781,20.0,10,2
98782,20.0,10,2
98783,20.0,10,2
98784,20.0,10,2
98785,20.0,10,2
98800,21.0,10,2
98801,28.0,10,2
98802,21.0,10,2
98803,28.0,10,2
98804,21.0,10,2
98805,20.0,10,2
98806,21.0,10,2
98807,20.0,10,2
98808,21.0,10,2
98809,20.0,10,2
98810,21.0,10,2
98811,20.0,10,2
98812,21.0,10,2
98813,20.0,10,2
98814,21.0,10,2
98815,21.0,10,2
98816,21.0,10,2
98817,20.0,10,2
98818,21.0,10,2
98819,20.0,10,2
98820,21.0,10,2
98821,20.0,10,2
98822,21.0,10,2
98823,20.0,10,2
98824,21.0,10,2
98825,20.0,10,2
98826,22.0,10,2
98827,20.0,10,2
98828,21.0,10,2
98829,20.0,10,2
98830,21.0,10,2
98831,20.0,10,2
98832,21.0,10,2
98833,20.0,10,2
98834,21.0,10,2
98835,22.0,10,2
98836,21.0,10,2
98837,20.0,10,2
98838,21.0,10,2
98839,20.0,10,2
98840,21.0,10,2
98841,20.0,10,2
98842,21.0,10,2
98843,20.0,10,2
98844,21.0,10,2
98845,20.0,10,2
98846,21.0,10,2
98847,20.0,10,2
98848,21.0,10,2
98849,20.0,10,2
98850,20.0,10,2
98851,20.0,10,2
98852,21.0,10,2
98853,20.0,10,2
98854,21.0,10,2
98855,20.0,10,2
98856,22.0,10,2
98857,20.0,10,2
98858,22.0,10,2
98859,20.0,10,2
98860,21.0,10,2
98861,20.0,10,2
98862,21.0,10,2
98863,20.0,10,2
98864,21.0,10,2
98865,22.0,10,2
98866,21.0,10,2
98867,20.0,10,2
98868,21.0,10,2
98869,20.0,10,2
98870,21.0,10,2
98871,20.0,10,2
98872,21.0,10,2
98873,22.0,10,2
98874,22.0,10,2
98875,20.0,10,2
98876,20.0,10,2
98877,20.0,10,2
98878,20.0,10,2
98879,21.0,10,2
98880,20.0,10,2
98881,20.0,10,2
98882,20.0,10,2
98883,20.0,10,2
98884,20.0,10,2
98885,20.0,10,2
98886,20.0,10,2
98887,20.0,10,2
98900,66.0,40,2
98901,60.0,39,2
98902,70.0,40,2
98903,59.0,39,2
98904,69.0,40,2
98905,59.0,39,2
98906,66.0,40,2
98907,59.0,39,2
98908,68.0,40,2
98909,60.0,39,2
98910,67.0,40,2
98911,59.0,39,2
98912,70.0,40,2
98913,70.0,40,3
98914,68.0,40,2
98915,72.0,40,2
98916,66.0,40,2
98917,70.0,40,3
99000,54.0,34,2
99001,53.0,34,2
99002,53.0,34,2
99003,53.0,34,2
99004,53.0,34,2
99005,53.0,34,2
99006,56.0,34,2
99007,49.0,34,2
99008,53.0,34,2
99009,53.0,34,2
99010,46.0,34,2
99011,53.0,34,2
99012,54.0,34,2
99013,53.0,34,2
99014,54.0,34,2
99015,55.0,34,2
99016,53.0,34,2
99017,53.0,34,2
99018,53.0,34,2
99019,53.0,34,2
99020,53.0,34,2
99021,56.0,34,2
99022,53.0,34,2
99023,53.0,34,2
99024,53.0,34,2
99025,53.0,34,2
99026,53.0,34,2
99027,53.0,34,2
99028,53.0,34,2
99029,53.0,34,2
99030,53.0,34,2
99031,53.0,34,2
99032,53.0,34,2
99033,49.0,34,2
99034,46.0,34,2
99035,53.0,34,2
99036,53.0,34,2
99037,54.0,34,2
99038,53.0,34,2
99039,53.0,34,2
99040,53.0,34,2
99041,53.0,34,2
99042,53.0,34,2
99100,40.0,23,2
99101,39.0,23,2
99102,39.0,23,2
99103,39.0,23,2
99104,39.0,23,2
99105,40.0,23,2
99107,40.0,23,2
99200,32.0,20,2
99201,32.0,20,2
99202,32.0,20,2
99203,32.0,20,2
99204,32.0,20,2
99205,32.0,20,2
99206,32.0,20,2
99207,32.0,20,2
99208,32.0,20,2
99209,32.0,20,2
99210,32.0,20,2
99211,32.0,20,2
99212,32.0,20,2
99213,32.0,20,2
99214,32.0,20,2
99215,32.0,20,2
99216,32.0,20,2
99217,32.0,20,2
99218,32.0,20,2
99219,32.0,20,2
99220,33.0,20,2
99221,32.0,20,2
99222,32.0,20,2
99223,32.0,20,2
99224,32.0,20,2
99225,32.0,20,2
99226,32.0,20,2
99227,32.0,20,2
99228,32.0,20,2
99229,32.0,20,2
99230,34.0,20,2
99231,32.0,20,2
99232,32.0,20,2
99233,32.0,20,2
99234,32.0,20,2
99235,32.0,20,2
99236,32.0,20,2
99237,32.0,20,2
99238,32.0,20,2
99239,32.0,20,2
99240,32.0,20,2
99241,32.0,20,2
99242,32.0,20,2
99243,32.0,20,2
99244,32.0,20,2
99245,32.0,20,2
99246,32.0,20,2
99247,32.0,20,2
99248,33.0,20,2
99249,32.0,20,2
99250,32.0,20,2
99251,32.0,20,2
99252,32.0,20,2
99253,32.0,20,2
99254,32.0,20,2
99255,32.0,20,2
99400,28.0,18,2
99401,28.0,18,2
99402,28.0,18,2
99403,28.0,18,2
99404,28.0,18,2
99405,28.0,18,2
99406,28.0,18,2
99407,28.0,18,2
99408,28.0,18,2
99409,28.0,18,2
99410,28.0,18,2
99411,28.0,18,2
99412,28.0,18,2
99413,28.0,18,2
99414,28.0,18,2
99415,28.0,18,2
99416,28.0,18,2
99417,28.0,18,2
99418,28.0,18,2
99419,28.0,18,2
99420,29.0,18,2
99421,28.0,18,2
99422,28.0,18,2
99423,28.0,18,2
99424,28.0,18,2
99425,28.0,18,2
99426,29.0,18,2
99427,28.0,18,2
99428,28.0,18,2
99429,29.0,18,2
99430,28.0,18,2
99431,28.0,18,2
99432,28.0,18,2
99433,28.0,18,2
99434,28.0,18,2
99435,28.0,18,2
99436,28.0,18,2
99437,28.0,18,2
99438,28.0,18,2
99439,28.0,18,2
99440,28.0,18,2
99441,28.0,18,2
99442,28.0,18,2
99443,28.0,18,2
99444,28.0,18,2
99445,28.0,18,2
99446,28.0,18,2
99447,29.0,18,2
99448,28.0,18,2
99449,29.0,18,2
99450,28.0,18,2
99451,29.0,18,2
99452,28.0,18,2
99453,29.0,18,2
99454,28.0,18,2
99455,28.0,18,2
99456,28.0,18,2
99457,28.0,18,2
99458,28.0,18,2
99459,28.0,18,2
99460,28.0,18,2
99461,28.0,18,2
99462,28.0,18,2
99463,28.0,18,2
99464,28.0,18,2
99465,28.0,18,2
99466,28.0,18,2
99467,29.0,18,2
99468,28.0,18,2
99469,28.0,18,2
99470,28.0,18,2
99471,28.0,18,2
99472,28.0,18,2
99473,28.0,18,2
99474,28.0,18,2
99475,28.0,18,2
99476,28.0,18,2
99477,28.0,18,2
99478,28.0,18,2
99479,28.0,18,2
99480,28.0,18,2
99481,28.0,18,2
99482,28.0,18,2
99483,28.0,18,2
99484,28.0,18,2
99485,28.0,18,2
99486,28.0,18,2
99487,28.0,18,2
99488,28.0,18,2
99489,30.0,18,2
99490,29.0,18,2
99491,28.0,18,2
99492,28.0,18,2
99493,28.0,18,2
99494,28.0,18,2
99495,89.0,18,2
99496,28.0,18,2
99497,29.0,18,2
99498,28.0,18,2
99499,29.0,18,2
99500,28.0,18,2
99501,29.0,18,2
99502,28.0,18,2
99503,29.0,18,2
99801,80.0,63,17
99802,100.0,63,17
99803,85.0,63,17
99804,80.0,63,17
99805,85.0,63,17
99806,85.0,63,17
99807,85.0,63,17
99808,85.0,63,17
99809,105.0,63,17
99810,85.0,63,17
99811,85.0,63,17
99812,85.0,63,17
99813,85.0,63,17
99814,78.0,61,16
99815,85.0,63,17
99816,90.0,63,17
99817,85.0,63,17
99818,80.0,63,17
99819,85.0,63,17
99820,85.0,63,17
99821,85.0,63,17
99822,85.0,63,17
99823,85.0,61,12
99824,85.0,63,17
99825,80.0,63,17
99826,85.0,63,17
99827,80.0,63,17
99828,85.0,63,17
99829,80.0,63,17
99830,80.0,63,17
99831,80.0,63,17
99832,78.0,61,16
99833,105.0,63,17
99834,81.0,63,17
99835,115.0,63,17
99836,80.0,63,17
99901,70.0,34,12
99902,50.0,34,12
99903,50.0,34,12
99904,50.0,34,12
99905,43.0,31,11
99906,50.0,34,12
99907,52.0,34,12
99908,50.0,34,12
